trigger,venue_program,venue_name,kind,n,n_mints,n_days,as_reported_n,as_reported_mean,as_reported_lower,as_reported_upper,carry_forward_n,carry_forward_mean,carry_forward_lower,carry_forward_upper,residual_at_zero_mean,residual_lower,residual_upper,censored_fraction,cost_floor,cost_floor_pct,cost_floor_note,median_trades_per_mint,median_traders_per_mint,same_trade_fraction
T0,6EF8rrecthR5Dkzon8Nwu78hRvfCKubJ14M5uBEwF6P,pump.fun bonding curve,CURVE,2975,2975,3,409,-0.08258451038097388,-0.10584523965100923,-0.08054301020567828,520,-0.0800603972144183,-0.11882552645154491,-0.07566092858579355,-0.8738746436120393,-1,-0.8488343558536678,0.8625210084033613,FLAT_2_50_PCT,2.5,flat 2.50% curve fee  the figure the directive names,0,7,0.6652100840336135
T0,FLASHX8DrLbgeR8FcfNV1F5krxYcYMUdBkrP1EPBtxB9,,UNKNOWN,1134,1134,3,233,-0.0557983943415858,-0.09620056642663374,-0.052004763159891096,294,-0.1009497619035313,-0.14468920982849914,-0.09597937009387582,-0.8059973773206253,-1,-0.7741353630347392,0.7945326278659612,UNKNOWN,,UNKNOWN — this venue fee schedule has not been decoded,0,17,0.5405643738977073
T0,6Vo3245eszAb5wuqEMw8mGdbfRUdKbHhDHP5LcaGuTAB,,UNKNOWN,879,879,3,154,-0.023520512103074025,-0.10508993531739326,-0.012040371058095762,178,-0.030720309231808688,-0.1096863343508709,-0.019002770020593,-0.8289216824389916,-1,-0.7886298733642519,0.8248009101251422,UNKNOWN,,UNKNOWN — this venue fee schedule has not been decoded,0,4,0.6427758816837316
T0,pAMMBay6oceH9fJKBRHGP5D4bD4sWpmSwMn52FMfXEA,pumpswap,AMM,849,849,3,60,2.8462542845129613,0.29415397519455716,3.2966249273338555,73,2.8021852034074226,0.26248580169562297,3.5150832810809107,-0.728179909221699,-1,-0.6847080988575152,0.9293286219081273,PUMPSWAP_TIER_SCHEDULE,2.6693,PumpSwap schedule at 0.01 SOL  modal tier 0,3118,1222,0.02944640753828033
T0,FLUXubRmkEi2q6K3Y9kBPg9248ggaZVsoSFhtJHSrm1X,,UNKNOWN,183,183,3,18,5.573296030439734,5.204108736682426,5.595012930072517,28,5.3975163042433625,4.483034439046144,5.5072541280670295,-0.3534462920878949,-1,-0.22679158750873935,0.9016393442622951,UNKNOWN,,UNKNOWN — this venue fee schedule has not been decoded,283,21,0.00546448087431694
T0,dbcij3LWUppWqq96dh6gJWwBifmcGfLSB5D4DuSMaqN,meteora dbc,LAUNCHPAD,164,164,3,4,0.023082037706076003,-0.002393790922073258,0.03157398058212576,6,0.0703807273066732,-0.11240232477435672,0.43594683146873303,-0.9750467795681446,-1,-0.9002393790922074,0.975609756097561,UNKNOWN,,UNKNOWN — this venue fee schedule has not been decoded,1288.5,227,0.04878048780487805
T0,cpamdpZCGKUy5JxQXB4dcpGPiikHawvSWAd6mEn1sGG,meteora cpamm,AMM,297,297,3,6,0.5195930608571655,0.5195930608571655,0.5195930608571655,8,0.4727475893721209,0.4727475893721209,0.4727475893721209,-0.9693011502857138,-1,-0.964660626491694,0.9797979797979798,UNKNOWN,,UNKNOWN — this venue fee schedule has not been decoded,1551,235,0
T0,FAdo9NCw1ssek6Z6yeWzWjhLVsr8uiCwcWNUnKgzTnHe,,UNKNOWN,209,209,2,9,0.009038504979561823,0.0037392846524780623,0.019636945633729346,10,0.00796579794088038,0.0029638775010879686,0.019636945633729346,-0.9565485811252822,-0.9616405368922618,-0.9411747915980541,0.9569377990430622,UNKNOWN,,UNKNOWN — this venue fee schedule has not been decoded,0,6,0.6363636363636364
T0,J7pourVwqP1VtRNBiFNqbdGxwkx7ta2LHAURURRRJqmd,,UNKNOWN,117,117,2,13,0.005354276758600076,0.004073098054025642,0.007404162685919169,17,0.0051220426164908,0.004685868594450955,0.0054273644319186905,-0.8882939692490444,-0.9054990025360917,-0.8425930995803251,0.8888888888888888,UNKNOWN,,UNKNOWN — this venue fee schedule has not been decoded,0,1,0.9914529914529915
T0,GMGNreQcJFufBiCTLDBgKhYEfEe9B454UjpDr5CaSLA1,,UNKNOWN,3,3,2,0,,0,0,2,-0.003933939103405559,-0.007867878206811119,0,-1,-1,-1,1,UNKNOWN,,UNKNOWN — this venue fee schedule has not been decoded,0,24,0.6666666666666666
T0,MAyhSmzXzV1pTf7LsNkrNwkWKTo4ougAJ1PPg47MD4e,,UNKNOWN,210,210,3,55,-0.3537506103842973,-0.6645782280617043,-0.3226678486165565,64,-0.4051097005932027,-0.6107849733817533,-0.37572751876626675,-0.8307442074816016,-1,-0.8064765281761592,0.7380952380952381,UNKNOWN,,UNKNOWN — this venue fee schedule has not been decoded,66.5,9.5,0.319047619047619
T0,term9YPb9mzAsABaqN71A4xdbxHmpBNZavpBiQKZzN3,,UNKNOWN,142,142,2,14,-0.012976232732512123,-0.025101036337383344,-0.00624023072980589,16,-0.011584647234119907,-0.02131649543483166,-0.005745538313692855,-0.9026877975933463,-0.9048527880485985,-0.8984480246184775,0.9014084507042254,UNKNOWN,,UNKNOWN — this venue fee schedule has not been decoded,0,6,0.8028169014084507
T0,TroYL71c8P2XNtDxHs98VtVLuiASJ7Ao5FvUoKyp3Bk,,UNKNOWN,5,5,2,1,-0.002405004420292345,-0.002405004420292345,-0.002405004420292345,1,-0.002405004420292345,-0.002405004420292345,-0.002405004420292345,-0.8004810008840584,-1,-0.667468334806764,0.8,UNKNOWN,,UNKNOWN — this venue fee schedule has not been decoded,1,4,0.4
T0,JUP6LkbZbjS1jKKwapdHNy74zcZ3tLUZoi5QNyVTaV4,jupiter aggregator v6,ROUTER,223,223,2,33,0.0350489093539729,0.014768322286620394,0.03635733432606017,38,0.037524085023702324,0.011927886566045117,0.03971804489150151,-0.8468313273153314,-0.9585808848046278,-0.8153616243442076,0.852017937219731,UNKNOWN,,UNKNOWN — this venue fee schedule has not been decoded,0,10,0.5695067264573991
T0,DF1ow4tspfHX9JwWJsAb9epbkA8hmpSEAtxXy1V27QBH,,UNKNOWN,204,204,3,24,0.020329541665807874,-0.022232768802029755,0.31826571494067135,27,0.019365605009055892,-0.019901403491582027,0.24515090388772398,-0.879961230392258,-1,-0.8574089454502958,0.8823529411764706,UNKNOWN,,UNKNOWN — this venue fee schedule has not been decoded,1,15.5,0.4950980392156863
T0,MoBUSvJRk2cEJaWMrEqLapadgrNW8hKEDKCdogsjbV7,,UNKNOWN,1,1,1,1,-0.00338983136172033,-0.00338983136172033,-0.00338983136172033,1,-0.00338983136172033,-0.00338983136172033,-0.00338983136172033,-0.00338983136172033,-0.00338983136172033,-0.00338983136172033,0,UNKNOWN,,UNKNOWN — this venue fee schedule has not been decoded,2,9,0
T0,GMgnVFR8Jb39LoXsEVzb3DvBy3ywCmdmJquHUy1Lrkqb,,UNKNOWN,224,224,2,28,-0.05478686744755359,-0.13122484769692266,-0.03816991521942988,43,-0.054785972062158544,-0.09441597433268001,-0.047080138287334955,-0.8818483584309442,-0.9131224847696922,-0.8728615405175107,0.875,UNKNOWN,,UNKNOWN — this venue fee schedule has not been decoded,0,5,0.7276785714285714
T0,BpJLs7trt5uFkgAjsvabqPNFUeJQzWANsW3TcqpBvTPz,,UNKNOWN,16,16,2,2,-0.001081826031017974,-0.001081826031017974,-0.001081826031017974,3,-0.0015191476613697352,-0.002393790922073258,-0.001081826031017974,-0.8751352282538772,-1,-0.8183785138238214,0.875,UNKNOWN,,UNKNOWN — this venue fee schedule has not been decoded,0,4.5,1
T0,haqqqMGN35ehCftXca3KWxJFXTBcWTWeNHNtUHLGQdh,,UNKNOWN,31,31,2,4,0.001467493136650705,0.001467493136650705,0.001467493136650705,7,-0.0043027264075479665,-0.035989057399438584,0.0009783287577671367,-0.8707783879823677,-1,-0.8516344454612368,0.8709677419354839,UNKNOWN,,UNKNOWN — this venue fee schedule has not been decoded,0,29,0.9354838709677419
T0,Eo7WjKq67rjJQSZxS6z3YkapzY3eMj6Xy8X5EQVn5UaB,meteora amm,AMM,9,9,2,0,,0,0,0,,0,0,-1,-1,-1,1,UNKNOWN,,UNKNOWN — this venue fee schedule has not been decoded,121,8,0
T0,TokenzQdBNbLqP5VEhdkAS6EPFLC1PHnBqCXEpPxuEb,token-2022,TOKEN,17,17,2,4,0.001177209019444625,0.001177209019444625,0.001177209019444625,4,0.001177209019444625,0.001177209019444625,0.001177209019444625,-0.7644288919954247,-1,-0.6919454741478632,0.7647058823529411,UNKNOWN,,UNKNOWN — this venue fee schedule has not been decoded,6,18,0.23529411764705882
T0,Hrg1JDwubuxA5Eoi8V4oMAWRZb4azXr4gBmzHxMgL7FB,,UNKNOWN,6,6,2,1,-0.06449262467196837,-0.06449262467196837,-0.06449262467196837,1,-0.06449262467196837,-0.06449262467196837,-0.06449262467196837,-0.8440821041119948,-1,-0.8128985249343937,0.8333333333333334,UNKNOWN,,UNKNOWN — this venue fee schedule has not been decoded,0,35.5,0.8333333333333334
T0,TokenkegQfeZyiNwAJbNbGKPFXCWuBvf9Ss623VQ5DA,spl token,TOKEN,17,17,2,7,0.00449299942827278,0.00449299942827278,0.00449299942827278,7,0.00449299942827278,0.00449299942827278,0.00449299942827278,-0.5863852355295347,-1,-0.4977535002858636,0.5882352941176471,UNKNOWN,,UNKNOWN — this venue fee schedule has not been decoded,4,15,0.23529411764705882
T0,whirLbMiicVdio4qvUfM5KAg6Ct8VwpYzGff3uctyCc,orca whirlpool,AMM,17,17,2,6,-0.0030053743440948875,-0.0030053743440948875,-0.0030053743440948875,6,-0.0030053743440948875,-0.0030053743440948875,-0.0030053743440948875,-0.6481195438861511,-1,-0.5015026871720475,0.6470588235294118,UNKNOWN,,UNKNOWN — this venue fee schedule has not been decoded,29,13,0.058823529411764705
T0,b1oomGGqPKGD6errbyfbVMBuzSC8WtAAYo8MwNafWW1,,UNKNOWN,12,12,2,0,,0,0,0,,0,0,-1,-1,-1,1,UNKNOWN,,UNKNOWN — this venue fee schedule has not been decoded,0,5,0.75
T0,proVF4pMXVaYqmy4NjniPh4pqKNfMmsihgd4wdkCX3u,,UNKNOWN,58,58,2,8,-0.007966214100314672,-0.035988732772441745,-0.003962997147153662,9,-0.007268697578863319,-0.035988732772441745,-0.003678693179666015,-0.863167753669009,-0.9035988732772442,-0.8547446037506266,0.8620689655172413,UNKNOWN,,UNKNOWN — this venue fee schedule has not been decoded,0,9,0.5517241379310345
T0,58PMEdUAwvLytNNwCbzrYyhLoh3jpsNV4fW9dT9ibuRc,,UNKNOWN,2,2,1,0,,0,0,0,,0,0,-1,-1,-1,1,UNKNOWN,,UNKNOWN — this venue fee schedule has not been decoded,0,54.5,1
T0,m9obQHAPyZeZ88w7XUY8Te6a8rBmhXsfKco7u8G8tnB,,UNKNOWN,10,10,2,1,0.01842330368429046,0.01842330368429046,0.01842330368429046,1,0.01842330368429046,0.01842330368429046,0.01842330368429046,-0.898157669631571,-1,-0.85451095661653,0.9,UNKNOWN,,UNKNOWN — this venue fee schedule has not been decoded,0,6,0.8
T0,AKbotMAGJmYPwV8z55Lqiqgijt2KcjLeFGue5sw1noHM,,UNKNOWN,14,14,2,4,-0.0019938639870594743,-0.0019938639870594743,-0.0019938639870594743,5,-0.0013966527648326733,-0.0013966527648326733,-0.0013966527648326733,-0.7148553897105885,-1,-0.5564417173275821,0.7142857142857143,UNKNOWN,,UNKNOWN — this venue fee schedule has not been decoded,0,13,0.7857142857142857
T0,pumpapii17v9uhRiokHwhG3yWYtB6hgJRmsSC5p5bb2,,UNKNOWN,5,5,2,1,-0.07572747075645536,-0.07572747075645536,-0.07572747075645536,1,-0.07572747075645536,-0.07572747075645536,-0.07572747075645536,-0.815145494151291,-1,-0.07572747075645536,0.8,UNKNOWN,,UNKNOWN — this venue fee schedule has not been decoded,0,24,0.8
T0,swapBHFPgz3k6EyQGj779b8jhHz2rpyDwBHrd2ahqKs,,UNKNOWN,43,43,2,10,0.00724345709978842,0.00724345709978842,0.00724345709978842,11,0.006584960999807654,0.006584960999807654,0.006584960999807654,-0.7657573355581887,-1,-0.7122161551143461,0.7674418604651163,UNKNOWN,,UNKNOWN — this venue fee schedule has not been decoded,0,1,0.9767441860465116
T0,mayan34VedncxdK2XobtvWFDXQASUTBXhUVzt2kKgny,,UNKNOWN,1,1,1,0,,0,0,0,,0,0,-1,-1,-1,1,UNKNOWN,,UNKNOWN — this venue fee schedule has not been decoded,0,5,1
T0,6spNuuMx4amWCsFTyVGr5T2sGNoJqqxBf74jzk68n2mf,,UNKNOWN,2,2,1,0,,0,0,0,,0,0,-1,-1,-1,1,UNKNOWN,,UNKNOWN — this venue fee schedule has not been decoded,0,7.5,1
T0,2UUgGySTVXmKFatH7pGQo84ZrzdSYF5zw9iqrGwBMuuj,,UNKNOWN,2,2,2,0,,0,0,0,,0,0,-1,-1,-1,1,UNKNOWN,,UNKNOWN — this venue fee schedule has not been decoded,1,17.5,0
T0,CPMMoo8L3F4NbTegBCKVNunggL7H1ZpdTHKxQB5qKP1C,raydium cpmm,AMM,13,13,2,0,,0,0,0,,0,0,-1,-1,-1,1,UNKNOWN,,UNKNOWN — this venue fee schedule has not been decoded,23,18,0.07692307692307693
T0,ATcf97HMtje1fW8DiYRqcZSZkqtoh8rbk9hv1NVR8NB,,UNKNOWN,2,2,2,1,0.007158854869232734,0.007158854869232734,0.007158854869232734,1,0.007158854869232734,0.007158854869232734,0.007158854869232734,-0.49642057256538363,-1,0.007158854869232734,0.5,UNKNOWN,,UNKNOWN — this venue fee schedule has not been decoded,0,5.5,1
T0,DC5odoz58JML6XbqejHFRhawkGpv7qwV3UQphXDuej5W,,UNKNOWN,1,1,1,0,,0,0,0,,0,0,-1,-1,-1,1,UNKNOWN,,UNKNOWN — this venue fee schedule has not been decoded,0,32,1
T0,H5k1PVjAiZxvca3Fix3LKtpS7GJB6h3JinqZoiDx2N54,,UNKNOWN,2,2,2,0,,0,0,0,,0,0,-1,-1,-1,1,UNKNOWN,,UNKNOWN — this venue fee schedule has not been decoded,0,1,1
T0,BSfD6SHZigAfDWSjzD5Q41jw8LmKwtmjskPH9XW1mrRW,,UNKNOWN,11,11,2,3,0.009780377323310163,0.009780377323310163,0.009780377323310163,3,0.009780377323310163,0.009780377323310163,0.009780377323310163,-0.7246053516390971,-1,-0.6213323585037587,0.7272727272727273,UNKNOWN,,UNKNOWN — this venue fee schedule has not been decoded,0,7,0.5454545454545454
T0,LanMV9sAd7wArD4vJFi2qDdfnVhFxYSUg6eADduJ3uj,raydium launchlab,LAUNCHPAD,11,11,2,1,-0.003649562014441887,-0.003649562014441887,-0.003649562014441887,1,-0.003649562014441887,-0.003649562014441887,-0.003649562014441887,-0.9094226874558583,-1,-0.8339415936690736,0.9090909090909091,UNKNOWN,,UNKNOWN — this venue fee schedule has not been decoded,0,4,0.9090909090909091
T0,7bopoA2tnvDYEfp54FhgNDiLR9wSPcEs9J7FaUGURsXj,,UNKNOWN,4,4,3,1,-0.941057937103431,-0.941057937103431,-0.941057937103431,1,-0.941057937103431,-0.941057937103431,-0.941057937103431,-0.9852644842758578,-1,-0.9705289685517156,0.75,UNKNOWN,,UNKNOWN — this venue fee schedule has not been decoded,252.5,135.5,0
T0,5MKjFxEA79NzvTTvWRjxqiHZ8MctYQrZNTEgV3oYjJ16,,UNKNOWN,1,1,1,0,,0,0,0,,0,0,-1,-1,-1,1,UNKNOWN,,UNKNOWN — this venue fee schedule has not been decoded,48,54,0
T0,MaestroAAe9ge5HTc64VbBQZ6fP77pwvrhM8i1XWSAx,,UNKNOWN,1,1,1,0,,0,0,0,,0,0,-1,-1,-1,1,UNKNOWN,,UNKNOWN — this venue fee schedule has not been decoded,70,208,0
T0,knc2oZyHT5fnbUCvA2QiovgMoaJUYjALamMMUomSCkg,,UNKNOWN,2,2,2,1,-0.003649562014441776,-0.003649562014441776,-0.003649562014441776,1,-0.003649562014441776,-0.003649562014441776,-0.003649562014441776,-0.5018247810072209,-1,-0.003649562014441776,0.5,UNKNOWN,,UNKNOWN — this venue fee schedule has not been decoded,0,4.5,1
T0,4KRSet9YXoCKDamKQfoTc4MsnPU4w847KhPoYBcrRooY,,UNKNOWN,5,5,3,0,,0,0,0,,0,0,-1,-1,-1,1,UNKNOWN,,UNKNOWN — this venue fee schedule has not been decoded,0,15,0.8
T0,Htogmd68JyjQmGAkh4vk1n4yqEu2m6PnkXSd5RqvpGQE,,UNKNOWN,1,1,1,0,,0,0,0,,0,0,-1,-1,-1,1,UNKNOWN,,UNKNOWN — this venue fee schedule has not been decoded,0,187,1
T0,B3111yJCeHBcA1bizdJjUFPALfhAfSRnAbJzGUtnt56A,,UNKNOWN,6,6,2,1,-0.009302627309831668,-0.009302627309831668,-0.009302627309831668,1,-0.009302627309831668,-0.009302627309831668,-0.009302627309831668,-0.8348837712183053,-1,-0.8018605254619663,0.8333333333333334,UNKNOWN,,UNKNOWN — this venue fee schedule has not been decoded,0.5,28,0.5
T0,2QtPjDPbisDjPYRJZ8sDZVA88QxZozQC9C4KrgtZjgaz,,UNKNOWN,1,1,1,0,,0,0,0,,0,0,-1,-1,-1,1,UNKNOWN,,UNKNOWN — this venue fee schedule has not been decoded,29,510,0
T0,BFYDcwRC2CqnvSpd3ES9WUieSYk4FtGJwhuyMVintbGQ,,UNKNOWN,2,2,1,0,,0,0,0,,0,0,-1,-1,-1,1,UNKNOWN,,UNKNOWN — this venue fee schedule has not been decoded,0.5,5.5,0.5
T0,6NmUzsPWY9f8u2ZEke6xS7uBcup7TCuxQzJGS3GxE3w3,,UNKNOWN,2,2,1,0,,0,0,0,,0,0,-1,-1,-1,1,UNKNOWN,,UNKNOWN — this venue fee schedule has not been decoded,2,82.5,0.5
T0,minTcHYRLVPubRK8nt6sqe2ZpWrGDLQoNLipDJCGocY,,UNKNOWN,1,1,1,1,0.04373840087650804,0.04373840087650804,0.04373840087650804,1,0.04373840087650804,0.04373840087650804,0.04373840087650804,0.04373840087650804,0.04373840087650804,0.04373840087650804,0,UNKNOWN,,UNKNOWN — this venue fee schedule has not been decoded,0,12,1
T0,2rwUXt3JeyPtUBjH5pscZLRDBoh9WADfXq7gyoDnLcC4,,UNKNOWN,1,1,1,1,-0.00977964707481438,-0.00977964707481438,-0.00977964707481438,1,-0.00977964707481438,-0.00977964707481438,-0.00977964707481438,-0.00977964707481438,-0.00977964707481438,-0.00977964707481438,0,UNKNOWN,,UNKNOWN — this venue fee schedule has not been decoded,1,58,0
T0,routeUGWgWzqBWFcrCfv8tritsqukccJPu3q5GPP3xS,,UNKNOWN,5,5,1,1,-0.7308734002119837,-0.7308734002119837,-0.7308734002119837,1,-0.7308734002119837,-0.7308734002119837,-0.7308734002119837,-0.9461746800423967,-0.9461746800423967,-0.9461746800423967,0.8,UNKNOWN,,UNKNOWN — this venue fee schedule has not been decoded,34,28,0
T0,BPP531ELta5NTmMnBfi5RkTvN6GoyZUNmyLBEkGDQQwf,,UNKNOWN,2,2,1,1,-0.7268068643543275,-0.7268068643543275,-0.7268068643543275,1,-0.7268068643543275,-0.7268068643543275,-0.7268068643543275,-0.8634034321771638,-0.8634034321771638,-0.8634034321771638,0.5,UNKNOWN,,UNKNOWN — this venue fee schedule has not been decoded,174.5,88.5,0
T0,BBRouter1cVunVXvkcqeKkZQcBK7ruan37PPm3xzWaXD,,UNKNOWN,1,1,1,1,-0.00493366661858019,-0.00493366661858019,-0.00493366661858019,1,-0.00493366661858019,-0.00493366661858019,-0.00493366661858019,-0.00493366661858019,-0.00493366661858019,-0.00493366661858019,0,UNKNOWN,,UNKNOWN — this venue fee schedule has not been decoded,1,8,0
T0,JBpxRsMWi2ySouhaiCFpidW7XWChbQQpC8ZywoViPRno,,UNKNOWN,5,5,1,0,,0,0,0,,0,0,-1,-1,-1,1,UNKNOWN,,UNKNOWN — this venue fee schedule has not been decoded,0,29,0.6
T0,HsALuNvsaNreRFCsJe4QgWvqFwjvdWWn43F1ZLxH71a1,,UNKNOWN,1,1,1,0,,0,0,0,,0,0,-1,-1,-1,1,UNKNOWN,,UNKNOWN — this venue fee schedule has not been decoded,0,17,1
T0,AKbotVghr1TkakVprphNk8mF7cfYqfjQo9V7ZUZtdSz,,UNKNOWN,1,1,1,0,,0,0,0,,0,0,-1,-1,-1,1,UNKNOWN,,UNKNOWN — this venue fee schedule has not been decoded,0,2,1
T0,G7MVcM9YzGxrmLtmobUgyt8A6WhQ2dgQX3aSJcPejdEp,,UNKNOWN,1,1,1,0,,0,0,0,,0,0,-1,-1,-1,1,UNKNOWN,,UNKNOWN — this venue fee schedule has not been decoded,208,92,0
T0,8Ufce7KwjbuwMvTm5XE6hmDDqHQGUBxB1u8vNpaA7iFC,,UNKNOWN,2,2,1,0,,0,0,0,,0,0,-1,-1,-1,1,UNKNOWN,,UNKNOWN — this venue fee schedule has not been decoded,0,13.5,1
T0,AURAsuSzLv3v8SX3Y7emMFzGTWiepJK3Sm4x77GB9n1G,,UNKNOWN,2,2,1,0,,0,0,0,,0,0,-1,-1,-1,1,UNKNOWN,,UNKNOWN — this venue fee schedule has not been decoded,0,7,1
T0,69EBG3p7yDWwfvMezFgPwzUr47eueJkvVjXrPY3hz44K,,UNKNOWN,2,2,1,0,,0,0,0,,0,0,-1,-1,-1,1,UNKNOWN,,UNKNOWN — this venue fee schedule has not been decoded,3,34,0
T0,3hGfVcg87NiS7W1za5fFY35EgB1WfCLoikJki57UjxTA,,UNKNOWN,3,3,1,0,,0,0,0,,0,0,-1,-1,-1,1,UNKNOWN,,UNKNOWN — this venue fee schedule has not been decoded,0,6,1
T0,4w3DZU3zBu7149sTmEZ2XFTNxuvuX3F9f9heQFi6YtS6,,UNKNOWN,1,1,1,0,,0,0,0,,0,0,-1,-1,-1,1,UNKNOWN,,UNKNOWN — this venue fee schedule has not been decoded,4,408,0
T0,7ANp2gxpnPQDwaVsMEeL5Ki6KKzv7ykMzCvkxp4RVEGe,,UNKNOWN,2,2,1,0,,0,0,0,,0,0,-1,-1,-1,1,UNKNOWN,,UNKNOWN — this venue fee schedule has not been decoded,1,8,0
T0,AveaiuA1emN71q9mS2QQ9BEWNAAHmp8sHSvwLFHQjufM,,UNKNOWN,3,3,1,0,,0,0,0,,0,0,-1,-1,-1,1,UNKNOWN,,UNKNOWN — this venue fee schedule has not been decoded,0,134,0.6666666666666666
T0,2BpmjLbo2QxhZbCW4fNMvH6chHu3GcUFB7KfckrcV8vq,,UNKNOWN,1,1,1,0,,0,0,0,,0,0,-1,-1,-1,1,UNKNOWN,,UNKNOWN — this venue fee schedule has not been decoded,0,16,1
T0,BN111AnCthcdPVNJ6jkir9TDaS7xqXT8EhetAmYpNqFt,,UNKNOWN,1,1,1,0,,0,0,0,,0,0,-1,-1,-1,1,UNKNOWN,,UNKNOWN — this venue fee schedule has not been decoded,0,4,1
T1,FLASHX8DrLbgeR8FcfNV1F5krxYcYMUdBkrP1EPBtxB9,,UNKNOWN,35,35,2,2,-0.9165546440107539,-0.9882570793063647,-0.8448522087151431,3,-0.9216720636366237,-0.9882570793063647,-0.8883795558017532,-0.9952316939434716,-0.9986952310340406,-0.9940327772582747,0.9428571428571428,UNKNOWN,,UNKNOWN — this venue fee schedule has not been decoded,2614,1311,0.22857142857142856
T1,6Vo3245eszAb5wuqEMw8mGdbfRUdKbHhDHP5LcaGuTAB,,UNKNOWN,11,11,2,1,-0.01066660980486911,-0.01066660980486911,-0.01066660980486911,1,-0.01066660980486911,-0.01066660980486911,-0.01066660980486911,-0.9100606008913517,-1,-0.8351111016341449,0.9090909090909091,UNKNOWN,,UNKNOWN — this venue fee schedule has not been decoded,1,17,0.45454545454545453
T1,pAMMBay6oceH9fJKBRHGP5D4bD4sWpmSwMn52FMfXEA,pumpswap,AMM,524,524,2,27,2.5623515289340393,1.185410665155805,2.7344691369063194,37,2.5864143293789996,0.6874767289544492,3.1102591846685304,-0.8164437189289715,-0.9409348468876809,-0.782984844344427,0.9484732824427481,PUMPSWAP_TIER_SCHEDULE,2.5108,PumpSwap schedule at 0.01 SOL  modal tier 1,2884,1004,0.02862595419847328
T1,FLUXubRmkEi2q6K3Y9kBPg9248ggaZVsoSFhtJHSrm1X,,UNKNOWN,183,183,3,18,5.573296030439734,5.204108736682426,5.595012930072517,28,5.3975163042433625,4.483034439046144,5.5072541280670295,-0.3534462920878949,-1,-0.22679158750873935,0.9016393442622951,UNKNOWN,,UNKNOWN — this venue fee schedule has not been decoded,283,21,0.00546448087431694
T1,dbcij3LWUppWqq96dh6gJWwBifmcGfLSB5D4DuSMaqN,meteora dbc,LAUNCHPAD,87,87,3,3,0.03157398058212576,0.03157398058212576,0.03157398058212576,5,0.08493563095242249,-0.11240232477435672,0.8742874538595393,-0.9644284834282026,-1,-0.9598088059513459,0.9655172413793104,UNKNOWN,,UNKNOWN — this venue fee schedule has not been decoded,272,170,0.04597701149425287
T1,cpamdpZCGKUy5JxQXB4dcpGPiikHawvSWAd6mEn1sGG,meteora cpamm,AMM,211,211,3,3,-0.4701285841757377,-0.4701285841757377,-0.4701285841757377,5,-0.14919268053864781,-0.14919268053864781,-0.14919268053864781,-0.9924662831873328,-1,-0.9913135833471434,0.985781990521327,UNKNOWN,,UNKNOWN — this venue fee schedule has not been decoded,1540,233,0
T1,MAyhSmzXzV1pTf7LsNkrNwkWKTo4ougAJ1PPg47MD4e,,UNKNOWN,25,25,2,5,-0.01701994362898418,-0.01701994362898418,-0.01701994362898418,7,-0.1549242670036939,-0.18035999850500498,-0.0023098779958274918,-0.8034039887257969,-1,-0.754254985907246,0.8,UNKNOWN,,UNKNOWN — this venue fee schedule has not been decoded,146,13,0.32
T1,term9YPb9mzAsABaqN71A4xdbxHmpBNZavpBiQKZzN3,,UNKNOWN,1,1,1,0,,0,0,0,,0,0,-1,-1,-1,1,UNKNOWN,,UNKNOWN — this venue fee schedule has not been decoded,4,4,0
T1,TroYL71c8P2XNtDxHs98VtVLuiASJ7Ao5FvUoKyp3Bk,,UNKNOWN,1,1,1,0,,0,0,0,,0,0,-1,-1,-1,1,UNKNOWN,,UNKNOWN — this venue fee schedule has not been decoded,0,5,1
T1,JUP6LkbZbjS1jKKwapdHNy74zcZ3tLUZoi5QNyVTaV4,jupiter aggregator v6,ROUTER,3,3,2,0,,0,0,0,,0,0,-1,-1,-1,1,UNKNOWN,,UNKNOWN — this venue fee schedule has not been decoded,2,10,0.3333333333333333
T1,DF1ow4tspfHX9JwWJsAb9epbkA8hmpSEAtxXy1V27QBH,,UNKNOWN,6,6,2,0,,0,0,0,,0,0,-1,-1,-1,1,UNKNOWN,,UNKNOWN — this venue fee schedule has not been decoded,414,505.5,0.16666666666666666
T1,Eo7WjKq67rjJQSZxS6z3YkapzY3eMj6Xy8X5EQVn5UaB,meteora amm,AMM,8,8,2,0,,0,0,0,,0,0,-1,-1,-1,1,UNKNOWN,,UNKNOWN — this venue fee schedule has not been decoded,122,8.5,0
T1,TokenzQdBNbLqP5VEhdkAS6EPFLC1PHnBqCXEpPxuEb,token-2022,TOKEN,2,2,1,0,,0,0,0,,0,0,-1,-1,-1,1,UNKNOWN,,UNKNOWN — this venue fee schedule has not been decoded,135,66,0
T1,TokenkegQfeZyiNwAJbNbGKPFXCWuBvf9Ss623VQ5DA,spl token,TOKEN,16,16,2,7,0.00449299942827278,0.00449299942827278,0.00449299942827278,7,0.00449299942827278,0.00449299942827278,0.00449299942827278,-0.5605343127501307,-1,-0.45911915415400695,0.5625,UNKNOWN,,UNKNOWN — this venue fee schedule has not been decoded,5,14.5,0.25
T1,whirLbMiicVdio4qvUfM5KAg6Ct8VwpYzGff3uctyCc,orca whirlpool,AMM,15,15,2,5,-0.004713783775479796,-0.004713783775479796,-0.004713783775479796,5,-0.004713783775479796,-0.004713783775479796,-0.004713783775479796,-0.6682379279251599,-1,-0.5023568918877398,0.6666666666666666,UNKNOWN,,UNKNOWN — this venue fee schedule has not been decoded,29,14,0.06666666666666667
T1,proVF4pMXVaYqmy4NjniPh4pqKNfMmsihgd4wdkCX3u,,UNKNOWN,2,2,1,0,,0,0,0,,0,0,-1,-1,-1,1,UNKNOWN,,UNKNOWN — this venue fee schedule has not been decoded,1,8.5,0.5
T1,m9obQHAPyZeZ88w7XUY8Te6a8rBmhXsfKco7u8G8tnB,,UNKNOWN,1,1,1,0,,0,0,0,,0,0,-1,-1,-1,1,UNKNOWN,,UNKNOWN — this venue fee schedule has not been decoded,10,12,0
T1,2UUgGySTVXmKFatH7pGQo84ZrzdSYF5zw9iqrGwBMuuj,,UNKNOWN,1,1,1,0,,0,0,0,,0,0,-1,-1,-1,1,UNKNOWN,,UNKNOWN — this venue fee schedule has not been decoded,1,4,0
T1,CPMMoo8L3F4NbTegBCKVNunggL7H1ZpdTHKxQB5qKP1C,raydium cpmm,AMM,3,3,1,0,,0,0,0,,0,0,-1,-1,-1,1,UNKNOWN,,UNKNOWN — this venue fee schedule has not been decoded,43,42,0
T1,BSfD6SHZigAfDWSjzD5Q41jw8LmKwtmjskPH9XW1mrRW,,UNKNOWN,1,1,1,0,,0,0,0,,0,0,-1,-1,-1,1,UNKNOWN,,UNKNOWN — this venue fee schedule has not been decoded,0,29,1
T1,6NmUzsPWY9f8u2ZEke6xS7uBcup7TCuxQzJGS3GxE3w3,,UNKNOWN,2,2,1,0,,0,0,0,,0,0,-1,-1,-1,1,UNKNOWN,,UNKNOWN — this venue fee schedule has not been decoded,2,82.5,0.5
T1,routeUGWgWzqBWFcrCfv8tritsqukccJPu3q5GPP3xS,,UNKNOWN,2,2,1,0,,0,0,0,,0,0,-1,-1,-1,1,UNKNOWN,,UNKNOWN — this venue fee schedule has not been decoded,103,46.5,0
T2,FLASHX8DrLbgeR8FcfNV1F5krxYcYMUdBkrP1EPBtxB9,,UNKNOWN,8,8,2,2,-0.9165546440107539,-0.9882570793063647,-0.8448522087151431,2,-0.9165546440107539,-0.9882570793063647,-0.8448522087151431,-0.9791386610026885,-0.9970642698265912,-0.9612130521787858,0.75,UNKNOWN,,UNKNOWN — this venue fee schedule has not been decoded,5842.5,1945,0
T2,6Vo3245eszAb5wuqEMw8mGdbfRUdKbHhDHP5LcaGuTAB,,UNKNOWN,2,2,1,0,,0,0,0,,0,0,-1,-1,-1,1,UNKNOWN,,UNKNOWN — this venue fee schedule has not been decoded,1.5,62.5,0.5
T2,pAMMBay6oceH9fJKBRHGP5D4bD4sWpmSwMn52FMfXEA,pumpswap,AMM,205,205,2,6,9.21885320997353,3.8596106916330033,10.290701713641633,8,7.039184082458092,1.619988030485522,10.290701713641633,-0.7009116133666284,-0.9008242715993265,-0.6381185348191785,0.9707317073170731,PUMPSWAP_TIER_SCHEDULE,2.4052,PumpSwap schedule at 0.01 SOL  modal tier 2,2383,116,0.04390243902439024
T2,FLUXubRmkEi2q6K3Y9kBPg9248ggaZVsoSFhtJHSrm1X,,UNKNOWN,183,183,3,18,5.573296030439734,5.204108736682426,5.595012930072517,28,5.3975163042433625,4.483034439046144,5.5072541280670295,-0.3534462920878949,-1,-0.22679158750873935,0.9016393442622951,UNKNOWN,,UNKNOWN — this venue fee schedule has not been decoded,283,21,0.00546448087431694
T2,dbcij3LWUppWqq96dh6gJWwBifmcGfLSB5D4DuSMaqN,meteora dbc,LAUNCHPAD,20,20,2,0,,0,0,0,,0,0,-1,-1,-1,1,UNKNOWN,,UNKNOWN — this venue fee schedule has not been decoded,254,10,0
T2,cpamdpZCGKUy5JxQXB4dcpGPiikHawvSWAd6mEn1sGG,meteora cpamm,AMM,52,52,3,1,-0.6617574102746926,-0.6617574102746926,-0.6617574102746926,1,-0.6617574102746926,-0.6617574102746926,-0.6617574102746926,-0.9934953348129748,-1,-0.9919466050065402,0.9807692307692307,UNKNOWN,,UNKNOWN — this venue fee schedule has not been decoded,1385.5,235,0
T2,MAyhSmzXzV1pTf7LsNkrNwkWKTo4ougAJ1PPg47MD4e,,UNKNOWN,13,13,2,2,0.001846788533816257,0.001846788533816257,0.001846788533816257,3,0.0004612330239350075,-0.0023098779958274918,0.001846788533816257,-0.8458697248409514,-1,-0.7773673803258185,0.8461538461538461,UNKNOWN,,UNKNOWN — this venue fee schedule has not been decoded,217,13,0.46153846153846156
T2,DF1ow4tspfHX9JwWJsAb9epbkA8hmpSEAtxXy1V27QBH,,UNKNOWN,2,2,1,0,,0,0,0,,0,0,-1,-1,-1,1,UNKNOWN,,UNKNOWN — this venue fee schedule has not been decoded,6131.5,6070,0
T2,Eo7WjKq67rjJQSZxS6z3YkapzY3eMj6Xy8X5EQVn5UaB,meteora amm,AMM,7,7,2,0,,0,0,0,,0,0,-1,-1,-1,1,UNKNOWN,,UNKNOWN — this venue fee schedule has not been decoded,121,8,0
T2,TokenzQdBNbLqP5VEhdkAS6EPFLC1PHnBqCXEpPxuEb,token-2022,TOKEN,1,1,1,0,,0,0,0,,0,0,-1,-1,-1,1,UNKNOWN,,UNKNOWN — this venue fee schedule has not been decoded,4,2,0
T2,TokenkegQfeZyiNwAJbNbGKPFXCWuBvf9Ss623VQ5DA,spl token,TOKEN,13,13,2,7,0.00449299942827278,0.00449299942827278,0.00449299942827278,7,0.00449299942827278,0.00449299942827278,0.00449299942827278,-0.45911915415400695,-1,-0.29685490040020907,0.46153846153846156,UNKNOWN,,UNKNOWN — this venue fee schedule has not been decoded,2,8,0.3076923076923077
T2,whirLbMiicVdio4qvUfM5KAg6Ct8VwpYzGff3uctyCc,orca whirlpool,AMM,10,10,2,3,-0.004565668515519465,-0.004565668515519465,-0.004565668515519465,3,-0.004565668515519465,-0.004565668515519465,-0.004565668515519465,-0.7013697005546559,-1,-0.5733852865066512,0.7,UNKNOWN,,UNKNOWN — this venue fee schedule has not been decoded,26,13.5,0.1
T2,proVF4pMXVaYqmy4NjniPh4pqKNfMmsihgd4wdkCX3u,,UNKNOWN,2,2,1,0,,0,0,0,,0,0,-1,-1,-1,1,UNKNOWN,,UNKNOWN — this venue fee schedule has not been decoded,1,8.5,0.5
T2,2UUgGySTVXmKFatH7pGQo84ZrzdSYF5zw9iqrGwBMuuj,,UNKNOWN,1,1,1,0,,0,0,0,,0,0,-1,-1,-1,1,UNKNOWN,,UNKNOWN — this venue fee schedule has not been decoded,1,4,0
T2,CPMMoo8L3F4NbTegBCKVNunggL7H1ZpdTHKxQB5qKP1C,raydium cpmm,AMM,2,2,1,0,,0,0,0,,0,0,-1,-1,-1,1,UNKNOWN,,UNKNOWN — this venue fee schedule has not been decoded,75,30,0
T2,routeUGWgWzqBWFcrCfv8tritsqukccJPu3q5GPP3xS,,UNKNOWN,1,1,1,0,,0,0,0,,0,0,-1,-1,-1,1,UNKNOWN,,UNKNOWN — this venue fee schedule has not been decoded,28,21,0
T3,FLASHX8DrLbgeR8FcfNV1F5krxYcYMUdBkrP1EPBtxB9,,UNKNOWN,4,4,2,1,-0.8448522087151431,-0.8448522087151431,-0.8448522087151431,1,-0.8448522087151431,-0.8448522087151431,-0.8448522087151431,-0.9612130521787858,-1,-0.9482840695717144,0.75,UNKNOWN,,UNKNOWN — this venue fee schedule has not been decoded,3803,1376.5,0
T3,pAMMBay6oceH9fJKBRHGP5D4bD4sWpmSwMn52FMfXEA,pumpswap,AMM,141,141,2,6,9.21885320997353,3.8596106916330033,10.290701713641633,6,9.21885320997353,3.8596106916330033,10.290701713641633,-0.5651551825543181,-0.8570702737754999,-0.47239711618497043,0.9574468085106383,PUMPSWAP_TIER_SCHEDULE,2.4052,PumpSwap schedule at 0.01 SOL  modal tier 5 measured at tier 2 and carried up,2092,113,0.0425531914893617
T3,FLUXubRmkEi2q6K3Y9kBPg9248ggaZVsoSFhtJHSrm1X,,UNKNOWN,101,101,2,1,3.5646024928630746,3.5646024928630746,3.5646024928630746,2,2.4674304381312204,2.4674304381312204,2.4674304381312204,-0.9548059159122468,-1,-0.8527547582947396,0.9900990099009901,UNKNOWN,,UNKNOWN — this venue fee schedule has not been decoded,163,21,0.009900990099009901
T3,dbcij3LWUppWqq96dh6gJWwBifmcGfLSB5D4DuSMaqN,meteora dbc,LAUNCHPAD,11,11,2,0,,0,0,0,,0,0,-1,-1,-1,1,UNKNOWN,,UNKNOWN — this venue fee schedule has not been decoded,253,10,0
T3,cpamdpZCGKUy5JxQXB4dcpGPiikHawvSWAd6mEn1sGG,meteora cpamm,AMM,27,27,3,0,,0,0,0,,0,0,-1,-1,-1,1,UNKNOWN,,UNKNOWN — this venue fee schedule has not been decoded,1785,235,0
T3,DF1ow4tspfHX9JwWJsAb9epbkA8hmpSEAtxXy1V27QBH,,UNKNOWN,1,1,1,0,,0,0,0,,0,0,-1,-1,-1,1,UNKNOWN,,UNKNOWN — this venue fee schedule has not been decoded,6347,6153,0
T3,Eo7WjKq67rjJQSZxS6z3YkapzY3eMj6Xy8X5EQVn5UaB,meteora amm,AMM,6,6,2,0,,0,0,0,,0,0,-1,-1,-1,1,UNKNOWN,,UNKNOWN — this venue fee schedule has not been decoded,102,8.5,0
T3,TokenzQdBNbLqP5VEhdkAS6EPFLC1PHnBqCXEpPxuEb,token-2022,TOKEN,1,1,1,0,,0,0,0,,0,0,-1,-1,-1,1,UNKNOWN,,UNKNOWN — this venue fee schedule has not been decoded,4,2,0
T3,TokenkegQfeZyiNwAJbNbGKPFXCWuBvf9Ss623VQ5DA,spl token,TOKEN,11,11,2,5,-0.002457480975719717,-0.002457480975719717,-0.002457480975719717,5,-0.002457480975719717,-0.002457480975719717,-0.002457480975719717,-0.5465715822616908,-1,-0.37653592560982485,0.5454545454545454,UNKNOWN,,UNKNOWN — this venue fee schedule has not been decoded,2,8,0.36363636363636365
T3,whirLbMiicVdio4qvUfM5KAg6Ct8VwpYzGff3uctyCc,orca whirlpool,AMM,10,10,2,3,-0.004565668515519465,-0.004565668515519465,-0.004565668515519465,3,-0.004565668515519465,-0.004565668515519465,-0.004565668515519465,-0.7013697005546559,-1,-0.5733852865066512,0.7,UNKNOWN,,UNKNOWN — this venue fee schedule has not been decoded,26,13.5,0.1
T3,proVF4pMXVaYqmy4NjniPh4pqKNfMmsihgd4wdkCX3u,,UNKNOWN,2,2,1,0,,0,0,0,,0,0,-1,-1,-1,1,UNKNOWN,,UNKNOWN — this venue fee schedule has not been decoded,1,8.5,0.5
T3,2UUgGySTVXmKFatH7pGQo84ZrzdSYF5zw9iqrGwBMuuj,,UNKNOWN,1,1,1,0,,0,0,0,,0,0,-1,-1,-1,1,UNKNOWN,,UNKNOWN — this venue fee schedule has not been decoded,1,4,0
T3,CPMMoo8L3F4NbTegBCKVNunggL7H1ZpdTHKxQB5qKP1C,raydium cpmm,AMM,2,2,1,0,,0,0,0,,0,0,-1,-1,-1,1,UNKNOWN,,UNKNOWN — this venue fee schedule has not been decoded,75,30,0
T3,routeUGWgWzqBWFcrCfv8tritsqukccJPu3q5GPP3xS,,UNKNOWN,1,1,1,0,,0,0,0,,0,0,-1,-1,-1,1,UNKNOWN,,UNKNOWN — this venue fee schedule has not been decoded,28,21,0
T4,FLASHX8DrLbgeR8FcfNV1F5krxYcYMUdBkrP1EPBtxB9,,UNKNOWN,35,35,2,2,-0.9165546440107539,-0.9882570793063647,-0.8448522087151431,3,-0.9216720636366237,-0.9882570793063647,-0.8883795558017532,-0.9952316939434716,-0.9986952310340406,-0.9940327772582747,0.9428571428571428,UNKNOWN,,UNKNOWN — this venue fee schedule has not been decoded,2614,1311,0.22857142857142856
T4,6Vo3245eszAb5wuqEMw8mGdbfRUdKbHhDHP5LcaGuTAB,,UNKNOWN,11,11,2,1,-0.01066660980486911,-0.01066660980486911,-0.01066660980486911,1,-0.01066660980486911,-0.01066660980486911,-0.01066660980486911,-0.9100606008913517,-1,-0.8351111016341449,0.9090909090909091,UNKNOWN,,UNKNOWN — this venue fee schedule has not been decoded,1,17,0.45454545454545453
T4,pAMMBay6oceH9fJKBRHGP5D4bD4sWpmSwMn52FMfXEA,pumpswap,AMM,523,523,2,27,2.5623515289340393,1.185410665155805,2.7344691369063194,37,2.5864143293789996,0.6874767289544492,3.1102591846685304,-0.8160927508963309,-0.9409348468876809,-0.782458108529729,0.9483747609942639,PUMPSWAP_TIER_SCHEDULE,2.5108,PumpSwap schedule at 0.01 SOL  modal tier 1,2894,1002,0.028680688336520075
T4,FLUXubRmkEi2q6K3Y9kBPg9248ggaZVsoSFhtJHSrm1X,,UNKNOWN,183,183,3,18,5.573296030439734,5.204108736682426,5.595012930072517,28,5.3975163042433625,4.483034439046144,5.5072541280670295,-0.3534462920878949,-1,-0.22679158750873935,0.9016393442622951,UNKNOWN,,UNKNOWN — this venue fee schedule has not been decoded,283,21,0.00546448087431694
T4,dbcij3LWUppWqq96dh6gJWwBifmcGfLSB5D4DuSMaqN,meteora dbc,LAUNCHPAD,87,87,3,3,0.03157398058212576,0.03157398058212576,0.03157398058212576,5,0.08493563095242249,-0.11240232477435672,0.8742874538595393,-0.9644284834282026,-1,-0.9598088059513459,0.9655172413793104,UNKNOWN,,UNKNOWN — this venue fee schedule has not been decoded,272,170,0.04597701149425287
T4,cpamdpZCGKUy5JxQXB4dcpGPiikHawvSWAd6mEn1sGG,meteora cpamm,AMM,211,211,3,3,-0.4701285841757377,-0.4701285841757377,-0.4701285841757377,5,-0.14919268053864781,-0.14919268053864781,-0.14919268053864781,-0.9924662831873328,-1,-0.9913135833471434,0.985781990521327,UNKNOWN,,UNKNOWN — this venue fee schedule has not been decoded,1540,233,0
T4,MAyhSmzXzV1pTf7LsNkrNwkWKTo4ougAJ1PPg47MD4e,,UNKNOWN,25,25,2,5,-0.01701994362898418,-0.01701994362898418,-0.01701994362898418,7,-0.1549242670036939,-0.18035999850500498,-0.0023098779958274918,-0.8034039887257969,-1,-0.754254985907246,0.8,UNKNOWN,,UNKNOWN — this venue fee schedule has not been decoded,146,13,0.32
T4,term9YPb9mzAsABaqN71A4xdbxHmpBNZavpBiQKZzN3,,UNKNOWN,1,1,1,0,,0,0,0,,0,0,-1,-1,-1,1,UNKNOWN,,UNKNOWN — this venue fee schedule has not been decoded,4,4,0
T4,TroYL71c8P2XNtDxHs98VtVLuiASJ7Ao5FvUoKyp3Bk,,UNKNOWN,1,1,1,0,,0,0,0,,0,0,-1,-1,-1,1,UNKNOWN,,UNKNOWN — this venue fee schedule has not been decoded,0,5,1
T4,JUP6LkbZbjS1jKKwapdHNy74zcZ3tLUZoi5QNyVTaV4,jupiter aggregator v6,ROUTER,3,3,2,0,,0,0,0,,0,0,-1,-1,-1,1,UNKNOWN,,UNKNOWN — this venue fee schedule has not been decoded,2,10,0.3333333333333333
T4,DF1ow4tspfHX9JwWJsAb9epbkA8hmpSEAtxXy1V27QBH,,UNKNOWN,6,6,2,0,,0,0,0,,0,0,-1,-1,-1,1,UNKNOWN,,UNKNOWN — this venue fee schedule has not been decoded,414,505.5,0.16666666666666666
T4,Eo7WjKq67rjJQSZxS6z3YkapzY3eMj6Xy8X5EQVn5UaB,meteora amm,AMM,8,8,2,0,,0,0,0,,0,0,-1,-1,-1,1,UNKNOWN,,UNKNOWN — this venue fee schedule has not been decoded,122,8.5,0
T4,TokenzQdBNbLqP5VEhdkAS6EPFLC1PHnBqCXEpPxuEb,token-2022,TOKEN,2,2,1,0,,0,0,0,,0,0,-1,-1,-1,1,UNKNOWN,,UNKNOWN — this venue fee schedule has not been decoded,135,66,0
T4,TokenkegQfeZyiNwAJbNbGKPFXCWuBvf9Ss623VQ5DA,spl token,TOKEN,16,16,2,7,0.00449299942827278,0.00449299942827278,0.00449299942827278,7,0.00449299942827278,0.00449299942827278,0.00449299942827278,-0.5605343127501307,-1,-0.45911915415400695,0.5625,UNKNOWN,,UNKNOWN — this venue fee schedule has not been decoded,5,14.5,0.25
T4,whirLbMiicVdio4qvUfM5KAg6Ct8VwpYzGff3uctyCc,orca whirlpool,AMM,15,15,2,5,-0.004713783775479796,-0.004713783775479796,-0.004713783775479796,5,-0.004713783775479796,-0.004713783775479796,-0.004713783775479796,-0.6682379279251599,-1,-0.5023568918877398,0.6666666666666666,UNKNOWN,,UNKNOWN — this venue fee schedule has not been decoded,29,14,0.06666666666666667
T4,proVF4pMXVaYqmy4NjniPh4pqKNfMmsihgd4wdkCX3u,,UNKNOWN,2,2,1,0,,0,0,0,,0,0,-1,-1,-1,1,UNKNOWN,,UNKNOWN — this venue fee schedule has not been decoded,1,8.5,0.5
T4,m9obQHAPyZeZ88w7XUY8Te6a8rBmhXsfKco7u8G8tnB,,UNKNOWN,1,1,1,0,,0,0,0,,0,0,-1,-1,-1,1,UNKNOWN,,UNKNOWN — this venue fee schedule has not been decoded,10,12,0
T4,2UUgGySTVXmKFatH7pGQo84ZrzdSYF5zw9iqrGwBMuuj,,UNKNOWN,1,1,1,0,,0,0,0,,0,0,-1,-1,-1,1,UNKNOWN,,UNKNOWN — this venue fee schedule has not been decoded,1,4,0
T4,CPMMoo8L3F4NbTegBCKVNunggL7H1ZpdTHKxQB5qKP1C,raydium cpmm,AMM,3,3,1,0,,0,0,0,,0,0,-1,-1,-1,1,UNKNOWN,,UNKNOWN — this venue fee schedule has not been decoded,43,42,0
T4,BSfD6SHZigAfDWSjzD5Q41jw8LmKwtmjskPH9XW1mrRW,,UNKNOWN,1,1,1,0,,0,0,0,,0,0,-1,-1,-1,1,UNKNOWN,,UNKNOWN — this venue fee schedule has not been decoded,0,29,1
T4,6NmUzsPWY9f8u2ZEke6xS7uBcup7TCuxQzJGS3GxE3w3,,UNKNOWN,2,2,1,0,,0,0,0,,0,0,-1,-1,-1,1,UNKNOWN,,UNKNOWN — this venue fee schedule has not been decoded,2,82.5,0.5
T4,routeUGWgWzqBWFcrCfv8tritsqukccJPu3q5GPP3xS,,UNKNOWN,2,2,1,0,,0,0,0,,0,0,-1,-1,-1,1,UNKNOWN,,UNKNOWN — this venue fee schedule has not been decoded,103,46.5,0
T5,FLASHX8DrLbgeR8FcfNV1F5krxYcYMUdBkrP1EPBtxB9,,UNKNOWN,8,8,2,2,-0.9165546440107539,-0.9882570793063647,-0.8448522087151431,2,-0.9165546440107539,-0.9882570793063647,-0.8448522087151431,-0.9791386610026885,-0.9970642698265912,-0.9612130521787858,0.75,UNKNOWN,,UNKNOWN — this venue fee schedule has not been decoded,5842.5,1945,0
T5,6Vo3245eszAb5wuqEMw8mGdbfRUdKbHhDHP5LcaGuTAB,,UNKNOWN,2,2,1,0,,0,0,0,,0,0,-1,-1,-1,1,UNKNOWN,,UNKNOWN — this venue fee schedule has not been decoded,1.5,62.5,0.5
T5,pAMMBay6oceH9fJKBRHGP5D4bD4sWpmSwMn52FMfXEA,pumpswap,AMM,202,202,2,6,9.21885320997353,3.8596106916330033,10.290701713641633,8,7.039184082458092,1.619988030485522,10.290701713641633,-0.6964697066344497,-0.9008242715993265,-0.6310228198156329,0.9702970297029703,PUMPSWAP_TIER_SCHEDULE,2.4052,PumpSwap schedule at 0.01 SOL  modal tier 2,2411,115,0.04455445544554455
T5,FLUXubRmkEi2q6K3Y9kBPg9248ggaZVsoSFhtJHSrm1X,,UNKNOWN,183,183,3,18,5.573296030439734,5.204108736682426,5.595012930072517,28,5.3975163042433625,4.483034439046144,5.5072541280670295,-0.3534462920878949,-1,-0.22679158750873935,0.9016393442622951,UNKNOWN,,UNKNOWN — this venue fee schedule has not been decoded,283,21,0.00546448087431694
T5,dbcij3LWUppWqq96dh6gJWwBifmcGfLSB5D4DuSMaqN,meteora dbc,LAUNCHPAD,20,20,2,0,,0,0,0,,0,0,-1,-1,-1,1,UNKNOWN,,UNKNOWN — this venue fee schedule has not been decoded,254,10,0
T5,cpamdpZCGKUy5JxQXB4dcpGPiikHawvSWAd6mEn1sGG,meteora cpamm,AMM,52,52,3,1,-0.6617574102746926,-0.6617574102746926,-0.6617574102746926,1,-0.6617574102746926,-0.6617574102746926,-0.6617574102746926,-0.9934953348129748,-1,-0.9919466050065402,0.9807692307692307,UNKNOWN,,UNKNOWN — this venue fee schedule has not been decoded,1385.5,235,0
T5,MAyhSmzXzV1pTf7LsNkrNwkWKTo4ougAJ1PPg47MD4e,,UNKNOWN,13,13,2,2,0.001846788533816257,0.001846788533816257,0.001846788533816257,3,0.0004612330239350075,-0.0023098779958274918,0.001846788533816257,-0.8458697248409514,-1,-0.7773673803258185,0.8461538461538461,UNKNOWN,,UNKNOWN — this venue fee schedule has not been decoded,217,13,0.46153846153846156
T5,DF1ow4tspfHX9JwWJsAb9epbkA8hmpSEAtxXy1V27QBH,,UNKNOWN,2,2,1,0,,0,0,0,,0,0,-1,-1,-1,1,UNKNOWN,,UNKNOWN — this venue fee schedule has not been decoded,6131.5,6070,0
T5,Eo7WjKq67rjJQSZxS6z3YkapzY3eMj6Xy8X5EQVn5UaB,meteora amm,AMM,7,7,2,0,,0,0,0,,0,0,-1,-1,-1,1,UNKNOWN,,UNKNOWN — this venue fee schedule has not been decoded,121,8,0
T5,TokenzQdBNbLqP5VEhdkAS6EPFLC1PHnBqCXEpPxuEb,token-2022,TOKEN,1,1,1,0,,0,0,0,,0,0,-1,-1,-1,1,UNKNOWN,,UNKNOWN — this venue fee schedule has not been decoded,4,2,0
T5,TokenkegQfeZyiNwAJbNbGKPFXCWuBvf9Ss623VQ5DA,spl token,TOKEN,13,13,2,7,0.00449299942827278,0.00449299942827278,0.00449299942827278,7,0.00449299942827278,0.00449299942827278,0.00449299942827278,-0.45911915415400695,-1,-0.29685490040020907,0.46153846153846156,UNKNOWN,,UNKNOWN — this venue fee schedule has not been decoded,2,8,0.3076923076923077
T5,whirLbMiicVdio4qvUfM5KAg6Ct8VwpYzGff3uctyCc,orca whirlpool,AMM,10,10,2,3,-0.004565668515519465,-0.004565668515519465,-0.004565668515519465,3,-0.004565668515519465,-0.004565668515519465,-0.004565668515519465,-0.7013697005546559,-1,-0.5733852865066512,0.7,UNKNOWN,,UNKNOWN — this venue fee schedule has not been decoded,26,13.5,0.1
T5,proVF4pMXVaYqmy4NjniPh4pqKNfMmsihgd4wdkCX3u,,UNKNOWN,2,2,1,0,,0,0,0,,0,0,-1,-1,-1,1,UNKNOWN,,UNKNOWN — this venue fee schedule has not been decoded,1,8.5,0.5
T5,2UUgGySTVXmKFatH7pGQo84ZrzdSYF5zw9iqrGwBMuuj,,UNKNOWN,1,1,1,0,,0,0,0,,0,0,-1,-1,-1,1,UNKNOWN,,UNKNOWN — this venue fee schedule has not been decoded,1,4,0
T5,CPMMoo8L3F4NbTegBCKVNunggL7H1ZpdTHKxQB5qKP1C,raydium cpmm,AMM,2,2,1,0,,0,0,0,,0,0,-1,-1,-1,1,UNKNOWN,,UNKNOWN — this venue fee schedule has not been decoded,75,30,0
T5,routeUGWgWzqBWFcrCfv8tritsqukccJPu3q5GPP3xS,,UNKNOWN,1,1,1,0,,0,0,0,,0,0,-1,-1,-1,1,UNKNOWN,,UNKNOWN — this venue fee schedule has not been decoded,28,21,0
T6,6EF8rrecthR5Dkzon8Nwu78hRvfCKubJ14M5uBEwF6P,pump.fun bonding curve,CURVE,110,110,2,32,-0.609252928302473,-0.7935894169979614,-0.5969638290561076,43,-0.5560517848007378,-0.7409228520381539,-0.531726644374762,-0.8863281245970832,-0.9483973542494903,-0.8814599497223847,0.7090909090909091,FLAT_2_50_PCT,2.5,flat 2.50% curve fee  the figure the directive names,406.5,197,0
T6,FLASHX8DrLbgeR8FcfNV1F5krxYcYMUdBkrP1EPBtxB9,,UNKNOWN,252,252,3,80,-0.08342372820306719,-0.11487973521504166,-0.08040739876356282,105,-0.2108757074521167,-0.3081187345903724,-0.20063959933230033,-0.7090234057787514,-1,-0.6739030603423837,0.6825396825396826,UNKNOWN,,UNKNOWN — this venue fee schedule has not been decoded,1289,498.5,0
T6,6Vo3245eszAb5wuqEMw8mGdbfRUdKbHhDHP5LcaGuTAB,,UNKNOWN,23,23,2,3,0.17215322662593857,0.17215322662593857,0.17215322662593857,6,-0.15759119898815685,-0.5205867537259988,-0.08499208804058847,-0.8471104487009647,-1,-0.804641128895677,0.8695652173913043,UNKNOWN,,UNKNOWN — this venue fee schedule has not been decoded,1002,485,0.08695652173913043
T6,pAMMBay6oceH9fJKBRHGP5D4bD4sWpmSwMn52FMfXEA,pumpswap,AMM,562,562,3,42,2.78378682439706,0.6626847868276091,3.0070607230885797,54,2.801398688954499,0.47753459985916286,3.3295496182943456,-0.717225895685629,-1,-0.687334070888365,0.9252669039145908,PUMPSWAP_TIER_SCHEDULE,2.5108,PumpSwap schedule at 0.01 SOL  modal tier 1,3638,1123,0.026690391459074734
T6,dbcij3LWUppWqq96dh6gJWwBifmcGfLSB5D4DuSMaqN,meteora dbc,LAUNCHPAD,3,3,1,1,0.08470173730044728,0.08470173730044728,0.08470173730044728,1,0.08470173730044728,0.08470173730044728,0.08470173730044728,-0.6384327542331842,-0.6384327542331842,-0.6384327542331842,0.6666666666666666,UNKNOWN,,UNKNOWN — this venue fee schedule has not been decoded,233,261,0
T6,cpamdpZCGKUy5JxQXB4dcpGPiikHawvSWAd6mEn1sGG,meteora cpamm,AMM,19,19,2,3,0.04835433512429299,0.04835433512429299,0.04835433512429299,3,0.04835433512429299,0.04835433512429299,0.04835433512429299,-0.8344703681382696,-1,-0.8252742774792847,0.8421052631578947,UNKNOWN,,UNKNOWN — this venue fee schedule has not been decoded,2299,234,0
T6,FAdo9NCw1ssek6Z6yeWzWjhLVsr8uiCwcWNUnKgzTnHe,,UNKNOWN,3,3,1,0,,0,0,0,,0,0,-1,-1,-1,1,UNKNOWN,,UNKNOWN — this venue fee schedule has not been decoded,1350,321,0
T6,JUP6LkbZbjS1jKKwapdHNy74zcZ3tLUZoi5QNyVTaV4,jupiter aggregator v6,ROUTER,1,1,1,0,,0,0,0,,0,0,-1,-1,-1,1,UNKNOWN,,UNKNOWN — this venue fee schedule has not been decoded,116,56,0
T6,DF1ow4tspfHX9JwWJsAb9epbkA8hmpSEAtxXy1V27QBH,,UNKNOWN,5,5,2,2,0.07337725715292698,-0.7790650700991599,0.9258195844050139,2,0.07337725715292698,-0.7790650700991599,0.9258195844050139,-0.5706490971388292,-0.88953253504958,-0.358060138531662,0.6,UNKNOWN,,UNKNOWN — this venue fee schedule has not been decoded,1212,243,0
T6,TokenzQdBNbLqP5VEhdkAS6EPFLC1PHnBqCXEpPxuEb,token-2022,TOKEN,1,1,1,0,,0,0,0,,0,0,-1,-1,-1,1,UNKNOWN,,UNKNOWN — this venue fee schedule has not been decoded,2168,607,0
T6,7bopoA2tnvDYEfp54FhgNDiLR9wSPcEs9J7FaUGURsXj,,UNKNOWN,3,3,2,1,-0.941057937103431,-0.941057937103431,-0.941057937103431,1,-0.941057937103431,-0.941057937103431,-0.941057937103431,-0.9803526457011437,-1,-0.9705289685517156,0.6666666666666666,UNKNOWN,,UNKNOWN — this venue fee schedule has not been decoded,399,155,0
T6,BPP531ELta5NTmMnBfi5RkTvN6GoyZUNmyLBEkGDQQwf,,UNKNOWN,2,2,1,1,-0.7268068643543275,-0.7268068643543275,-0.7268068643543275,1,-0.7268068643543275,-0.7268068643543275,-0.7268068643543275,-0.8634034321771638,-0.8634034321771638,-0.8634034321771638,0.5,UNKNOWN,,UNKNOWN — this venue fee schedule has not been decoded,174.5,88.5,0
T6,JBpxRsMWi2ySouhaiCFpidW7XWChbQQpC8ZywoViPRno,,UNKNOWN,1,1,1,0,,0,0,0,,0,0,-1,-1,-1,1,UNKNOWN,,UNKNOWN — this venue fee schedule has not been decoded,59,29,0
T6,G7MVcM9YzGxrmLtmobUgyt8A6WhQ2dgQX3aSJcPejdEp,,UNKNOWN,1,1,1,0,,0,0,0,,0,0,-1,-1,-1,1,UNKNOWN,,UNKNOWN — this venue fee schedule has not been decoded,208,92,0
T7,6EF8rrecthR5Dkzon8Nwu78hRvfCKubJ14M5uBEwF6P,pump.fun bonding curve,CURVE,71,71,2,21,-0.29988440364037455,-0.29988440364037455,-0.29988440364037455,28,-0.2912734401638978,-0.6356635542992067,-0.278518250751479,-0.792923556006308,-1,-0.7805607832305651,0.704225352112676,FLAT_2_50_PCT,2.5,flat 2.50% curve fee  the figure the directive names,216,106,0
T7,FLASHX8DrLbgeR8FcfNV1F5krxYcYMUdBkrP1EPBtxB9,,UNKNOWN,95,95,3,29,0.5906319272479287,0.35166150918645167,0.6288671941377648,42,0.26225847365453336,0.1227566341027159,0.28111007359396806,-0.5144386748401061,-1,-0.09889232720903222,0.6947368421052632,UNKNOWN,,UNKNOWN — this venue fee schedule has not been decoded,1033,415,0.010526315789473684
T7,6Vo3245eszAb5wuqEMw8mGdbfRUdKbHhDHP5LcaGuTAB,,UNKNOWN,10,10,2,6,-0.2806274671651855,-0.5339939502556874,-0.1539442256199346,8,-0.3248618039819948,-0.5295248847457912,-0.2020639555237171,-0.5683764802991113,-0.6893293001704582,-0.5165395574971055,0.4,UNKNOWN,,UNKNOWN — this venue fee schedule has not been decoded,390,151.5,0
T7,pAMMBay6oceH9fJKBRHGP5D4bD4sWpmSwMn52FMfXEA,pumpswap,AMM,473,473,3,46,2.5973638787846793,1.3354009559423465,2.7175508238172807,56,2.7462064996283537,0.9273192064095906,3.04935438183148,-0.6501506587228431,-1,-0.6451428759083502,0.9027484143763214,PUMPSWAP_TIER_SCHEDULE,2.6693,PumpSwap schedule at 0.01 SOL  modal tier 0,3766,1247,0.03171247357293869
T7,dbcij3LWUppWqq96dh6gJWwBifmcGfLSB5D4DuSMaqN,meteora dbc,LAUNCHPAD,109,109,3,1,0.010160956871111404,0.010160956871111404,0.010160956871111404,2,0.44222420536532536,0.010160956871111404,0.8742874538595393,-0.990732468285586,-1,-0.9903794194583703,0.9908256880733946,UNKNOWN,,UNKNOWN — this venue fee schedule has not been decoded,1440,233,0.009174311926605505
T7,cpamdpZCGKUy5JxQXB4dcpGPiikHawvSWAd6mEn1sGG,meteora cpamm,AMM,159,159,3,3,1.1993375955030003,1.1993375955030003,1.1993375955030003,3,1.1993375955030003,1.1993375955030003,1.1993375955030003,-0.9585030642357925,-1,-0.953860050443993,0.9811320754716981,UNKNOWN,,UNKNOWN — this venue fee schedule has not been decoded,1772,236,0
T7,MAyhSmzXzV1pTf7LsNkrNwkWKTo4ougAJ1PPg47MD4e,,UNKNOWN,2,2,1,0,,0,0,0,,0,0,-1,-1,-1,1,UNKNOWN,,UNKNOWN — this venue fee schedule has not been decoded,340,33,0
T7,JUP6LkbZbjS1jKKwapdHNy74zcZ3tLUZoi5QNyVTaV4,jupiter aggregator v6,ROUTER,9,9,2,1,1.5908676234457446,1.5908676234457446,1.5908676234457446,2,0.9663608622027408,0.9663608622027408,0.9663608622027408,-0.7121258196171395,-1,-0.676141547069282,0.8888888888888888,UNKNOWN,,UNKNOWN — this venue fee schedule has not been decoded,216,147,0
T7,DF1ow4tspfHX9JwWJsAb9epbkA8hmpSEAtxXy1V27QBH,,UNKNOWN,3,3,2,2,0.45352118318581436,-0.018777218033385168,0.9258195844050139,2,0.45352118318581436,-0.018777218033385168,0.9258195844050139,-0.030985877876123762,-0.5093886090166926,0.9258195844050139,0.3333333333333333,UNKNOWN,,UNKNOWN — this venue fee schedule has not been decoded,238,134,0
T7,GMgnVFR8Jb39LoXsEVzb3DvBy3ywCmdmJquHUy1Lrkqb,,UNKNOWN,1,1,1,0,,0,0,0,,0,0,-1,-1,-1,1,UNKNOWN,,UNKNOWN — this venue fee schedule has not been decoded,70,41,0
T7,Eo7WjKq67rjJQSZxS6z3YkapzY3eMj6Xy8X5EQVn5UaB,meteora amm,AMM,5,5,2,0,,0,0,0,,0,0,-1,-1,-1,1,UNKNOWN,,UNKNOWN — this venue fee schedule has not been decoded,224,9,0
T7,TokenzQdBNbLqP5VEhdkAS6EPFLC1PHnBqCXEpPxuEb,token-2022,TOKEN,5,5,2,1,0.06253528884225612,0.06253528884225612,0.06253528884225612,1,0.06253528884225612,0.06253528884225612,0.06253528884225612,-0.7874929422315488,-1,-0.7343661777894359,0.8,UNKNOWN,,UNKNOWN — this venue fee schedule has not been decoded,116,222,0.2
T7,TokenkegQfeZyiNwAJbNbGKPFXCWuBvf9Ss623VQ5DA,spl token,TOKEN,7,7,1,4,-0.0030009702198955657,-0.0030009702198955657,-0.0030009702198955657,4,-0.0030009702198955657,-0.0030009702198955657,-0.0030009702198955657,-0.43028626869708314,-0.43028626869708314,-0.43028626869708314,0.42857142857142855,UNKNOWN,,UNKNOWN — this venue fee schedule has not been decoded,6,17,0
T7,whirLbMiicVdio4qvUfM5KAg6Ct8VwpYzGff3uctyCc,orca whirlpool,AMM,9,9,1,6,-0.0030053743440948875,-0.0030053743440948875,-0.0030053743440948875,6,-0.0030053743440948875,-0.0030053743440948875,-0.0030053743440948875,-0.33533691622939654,-0.33533691622939654,-0.33533691622939654,0.3333333333333333,UNKNOWN,,UNKNOWN — this venue fee schedule has not been decoded,31,12,0.1111111111111111
T7,CPMMoo8L3F4NbTegBCKVNunggL7H1ZpdTHKxQB5qKP1C,raydium cpmm,AMM,9,9,1,0,,0,0,0,,0,0,-1,-1,-1,1,UNKNOWN,,UNKNOWN — this venue fee schedule has not been decoded,23,17,0.1111111111111111
T7,LanMV9sAd7wArD4vJFi2qDdfnVhFxYSUg6eADduJ3uj,raydium launchlab,LAUNCHPAD,1,1,1,0,,0,0,0,,0,0,-1,-1,-1,1,UNKNOWN,,UNKNOWN — this venue fee schedule has not been decoded,1693,518,0
T7,7bopoA2tnvDYEfp54FhgNDiLR9wSPcEs9J7FaUGURsXj,,UNKNOWN,1,1,1,0,,0,0,0,,0,0,-1,-1,-1,1,UNKNOWN,,UNKNOWN — this venue fee schedule has not been decoded,424,190,0
T7,routeUGWgWzqBWFcrCfv8tritsqukccJPu3q5GPP3xS,,UNKNOWN,4,4,1,1,-0.7308734002119837,-0.7308734002119837,-0.7308734002119837,1,-0.7308734002119837,-0.7308734002119837,-0.7308734002119837,-0.9327183500529959,-0.9327183500529959,-0.9327183500529959,0.75,UNKNOWN,,UNKNOWN — this venue fee schedule has not been decoded,35.5,30.5,0
