cell_id,rank_stat,top_fraction,venue,lag_s,gate,followable,open,entry_priced,exit_priced,both,open_entry_priced,gate_not_evaluable,kept,coverage_pct,coverage_verdict,reportable,closed_only_pct,closed_only_lo_pct,closed_only_hi_pct,open_at_minus100_pct,required_n,c1,c2,c3,c4,copyable
PD001,MEAN,0.001,pumpswap,2,DEPTH<=1%,2053,796,1462,653,633,590,648,379,30.8329,BELOW_STOP_THRESHOLD,False,13.8072,2.6814,26.4276,,872,True,False,True,False,False
PD002,MEAN,0.001,pumpswap,2,DEPTH<=10%,2053,796,1462,653,633,590,648,555,30.8329,BELOW_STOP_THRESHOLD,False,19.9695,4.4464,41.7005,,1098,True,False,True,False,False
PD003,MEAN,0.001,pumpswap,2,DEPTH<=3%,2053,796,1462,653,633,590,648,482,30.8329,BELOW_STOP_THRESHOLD,False,12.6867,3.1659,22.523,,896,True,False,True,False,False
PD004,MEAN,0.001,pumpswap,2,UNGATED,2053,796,1462,653,633,590,648,633,30.8329,BELOW_STOP_THRESHOLD,False,18.9306,5.2841,37.1442,-38.444,1101,True,False,True,False,False
PD005,MEAN,0.001,pumpswap,5,DEPTH<=1%,2053,796,1453,651,631,586,648,381,30.7355,BELOW_STOP_THRESHOLD,False,17.3027,4.5769,31.5896,,716,True,False,True,False,False
PD006,MEAN,0.001,pumpswap,5,DEPTH<=10%,2053,796,1453,651,631,586,648,557,30.7355,BELOW_STOP_THRESHOLD,False,22.572,6.705,43.1344,,922,True,False,True,False,False
PD007,MEAN,0.001,pumpswap,5,DEPTH<=3%,2053,796,1453,651,631,586,648,484,30.7355,BELOW_STOP_THRESHOLD,False,15.6124,5.2422,26.3216,,748,True,False,True,False,False
PD008,MEAN,0.001,pumpswap,5,UNGATED,2053,796,1453,651,631,586,648,631,30.7355,BELOW_STOP_THRESHOLD,False,21.437,7.1997,40.0571,-37.0363,924,True,False,True,False,False
PD009,MEAN,0.001,pumpswap,15,DEPTH<=1%,2053,796,1435,652,624,586,648,380,30.3945,BELOW_STOP_THRESHOLD,False,15.711,-1.081,37.4388,,1077,False,False,True,False,False
PD010,MEAN,0.001,pumpswap,15,DEPTH<=10%,2053,796,1435,652,624,586,648,551,30.3945,BELOW_STOP_THRESHOLD,False,22.0579,3.1011,45.2956,,1028,True,False,True,False,False
PD011,MEAN,0.001,pumpswap,15,DEPTH<=3%,2053,796,1435,652,624,586,648,481,30.3945,BELOW_STOP_THRESHOLD,False,14.5588,0.9477,30.9037,,1051,True,False,True,False,False
PD012,MEAN,0.001,pumpswap,15,UNGATED,2053,796,1435,652,624,586,648,624,30.3945,BELOW_STOP_THRESHOLD,False,21.1014,4.0932,41.5604,-37.5477,1031,True,False,True,False,False
PD013,MEAN,0.001,pumpswap,30,DEPTH<=1%,2053,796,1401,642,605,582,648,376,29.4691,BELOW_STOP_THRESHOLD,False,13.569,-4.1132,37.3536,,1357,False,False,True,False,False
PD014,MEAN,0.001,pumpswap,30,DEPTH<=10%,2053,796,1401,642,605,582,648,540,29.4691,BELOW_STOP_THRESHOLD,False,21.5944,1.8697,45.8947,,1076,True,False,True,False,False
PD015,MEAN,0.001,pumpswap,30,DEPTH<=3%,2053,796,1401,642,605,582,648,474,29.4691,BELOW_STOP_THRESHOLD,False,13.0621,-0.7907,30.3209,,1233,False,False,True,False,False
PD016,MEAN,0.001,pumpswap,30,UNGATED,2053,796,1401,642,605,582,648,605,29.4691,BELOW_STOP_THRESHOLD,False,22.9614,4.8748,44.5553,-37.328,913,True,False,True,False,False
PD017,MEAN,0.001,pumpswap,60,DEPTH<=1%,2053,796,1381,616,589,575,648,363,28.6897,BELOW_STOP_THRESHOLD,False,14.5918,1.6739,28.0902,,733,True,False,True,False,False
PD018,MEAN,0.001,pumpswap,60,DEPTH<=10%,2053,796,1381,616,589,575,648,533,28.6897,BELOW_STOP_THRESHOLD,False,21.7157,5.8333,43.567,,945,True,False,True,False,False
PD019,MEAN,0.001,pumpswap,60,DEPTH<=3%,2053,796,1381,616,589,575,648,461,28.6897,BELOW_STOP_THRESHOLD,False,13.4135,3.4104,23.2861,,750,True,False,True,False,False
PD020,MEAN,0.001,pumpswap,60,UNGATED,2053,796,1381,616,589,575,648,589,28.6897,BELOW_STOP_THRESHOLD,False,25.8771,8.6946,46.6142,-36.3045,703,True,False,True,False,False
PD021,MEAN,0.001,pumpswap,300,DEPTH<=1%,2053,796,1275,581,544,543,648,334,26.4978,BELOW_STOP_THRESHOLD,False,0.5024,-8.2961,9.9567,,273596,False,False,True,False,False
PD022,MEAN,0.001,pumpswap,300,DEPTH<=10%,2053,796,1275,581,544,543,648,500,26.4978,BELOW_STOP_THRESHOLD,False,13.1232,-2.3902,34.9973,,2137,False,False,True,False,False
PD023,MEAN,0.001,pumpswap,300,DEPTH<=3%,2053,796,1275,581,544,543,648,432,26.4978,BELOW_STOP_THRESHOLD,False,1.6793,-6.5249,10.0733,,23737,False,False,True,False,False
PD024,MEAN,0.001,pumpswap,300,UNGATED,2053,796,1275,581,544,543,648,544,26.4978,BELOW_STOP_THRESHOLD,False,16.1887,1.6107,36.0958,-41.8522,1356,True,False,True,False,False
PD025,MEAN,0.01,pumpswap,2,DEPTH<=1%,12847,3460,11512,8081,7975,2859,1514,3329,62.0767,BELOW_STOP_THRESHOLD,False,6.9776,-5.6524,20.1314,,5178,False,False,True,False,False
PD026,MEAN,0.01,pumpswap,2,DEPTH<=10%,12847,3460,11512,8081,7975,2859,1514,6237,62.0767,BELOW_STOP_THRESHOLD,False,7.0265,-5.8926,20.6117,,5301,False,False,True,True,False
PD027,MEAN,0.01,pumpswap,2,DEPTH<=3%,12847,3460,11512,8081,7975,2859,1514,4454,62.0767,BELOW_STOP_THRESHOLD,False,6.9095,-5.7721,19.5977,,4745,False,False,True,False,False
PD028,MEAN,0.01,pumpswap,2,UNGATED,12847,3460,11512,8081,7975,2859,1514,7975,62.0767,BELOW_STOP_THRESHOLD,False,5.5621,-6.4141,18.6736,-22.2949,7708,False,False,True,True,False
PD029,MEAN,0.01,pumpswap,5,DEPTH<=1%,12847,3460,11501,8053,7954,2851,1514,3326,61.9133,BELOW_STOP_THRESHOLD,False,7.3711,-5.72,20.8965,,4785,False,False,True,False,False
PD030,MEAN,0.01,pumpswap,5,DEPTH<=10%,12847,3460,11501,8053,7954,2851,1514,6223,61.9133,BELOW_STOP_THRESHOLD,False,7.2716,-5.7853,20.6972,,5033,False,False,True,True,False
PD031,MEAN,0.01,pumpswap,5,DEPTH<=3%,12847,3460,11501,8053,7954,2851,1514,4445,61.9133,BELOW_STOP_THRESHOLD,False,7.247,-5.4612,20.2397,,4431,False,False,True,True,False
PD032,MEAN,0.01,pumpswap,5,UNGATED,12847,3460,11501,8053,7954,2851,1514,7954,61.9133,BELOW_STOP_THRESHOLD,False,5.6545,-6.6958,19.0565,-22.2234,7554,False,False,True,True,False
PD033,MEAN,0.01,pumpswap,15,DEPTH<=1%,12847,3460,11454,8030,7921,2842,1514,3314,61.6564,BELOW_STOP_THRESHOLD,False,4.8786,-7.522,17.3322,,6561,False,False,True,False,False
PD034,MEAN,0.01,pumpswap,15,DEPTH<=10%,12847,3460,11454,8030,7921,2842,1514,6198,61.6564,BELOW_STOP_THRESHOLD,False,5.9218,-6.7804,19.1299,,5972,False,False,True,True,False
PD035,MEAN,0.01,pumpswap,15,DEPTH<=3%,12847,3460,11454,8030,7921,2842,1514,4424,61.6564,BELOW_STOP_THRESHOLD,False,5.5297,-6.7487,17.8042,,5078,False,False,True,False,False
PD036,MEAN,0.01,pumpswap,15,UNGATED,12847,3460,11454,8030,7921,2842,1514,7921,61.6564,BELOW_STOP_THRESHOLD,False,4.4556,-7.7916,17.3836,-23.1262,9923,False,False,True,False,False
PD037,MEAN,0.01,pumpswap,30,DEPTH<=1%,12847,3460,11394,7937,7811,2828,1514,3275,60.8002,BELOW_STOP_THRESHOLD,False,5.2331,-6.7207,17.3762,,5692,False,False,True,False,False
PD038,MEAN,0.01,pumpswap,30,DEPTH<=10%,12847,3460,11394,7937,7811,2828,1514,6123,60.8002,BELOW_STOP_THRESHOLD,False,6.2941,-5.9088,18.7544,,5272,False,False,True,True,False
PD039,MEAN,0.01,pumpswap,30,DEPTH<=3%,12847,3460,11394,7937,7811,2828,1514,4367,60.8002,BELOW_STOP_THRESHOLD,False,6.0302,-5.8506,18.1372,,4248,False,False,True,True,False
PD040,MEAN,0.01,pumpswap,30,UNGATED,12847,3460,11394,7937,7811,2828,1514,7811,60.8002,BELOW_STOP_THRESHOLD,False,5.0242,-6.2957,17.2026,-22.8927,7833,False,False,True,False,False
PD041,MEAN,0.01,pumpswap,60,DEPTH<=1%,12847,3460,11360,7835,7732,2823,1514,3249,60.1853,BELOW_STOP_THRESHOLD,False,4.8264,-7.1485,17.3927,,7288,False,False,True,False,False
PD042,MEAN,0.01,pumpswap,60,DEPTH<=10%,12847,3460,11360,7835,7732,2823,1514,6089,60.1853,BELOW_STOP_THRESHOLD,False,5.4062,-7.1934,18.0251,,7156,False,False,True,False,False
PD043,MEAN,0.01,pumpswap,60,DEPTH<=3%,12847,3460,11360,7835,7732,2823,1514,4340,60.1853,BELOW_STOP_THRESHOLD,False,5.467,-6.6812,18.0096,,5508,False,False,True,False,False
PD044,MEAN,0.01,pumpswap,60,UNGATED,12847,3460,11360,7835,7732,2823,1514,7732,60.1853,BELOW_STOP_THRESHOLD,False,4.3928,-6.9624,16.0932,-23.5277,10383,False,False,True,False,False
PD045,MEAN,0.01,pumpswap,300,DEPTH<=1%,12847,3460,10801,6857,6649,2656,1514,2760,51.7553,BELOW_STOP_THRESHOLD,False,4.5378,-3.6099,13.6083,,6001,False,False,True,False,False
PD046,MEAN,0.01,pumpswap,300,DEPTH<=10%,12847,3460,10801,6857,6649,2656,1514,5290,51.7553,BELOW_STOP_THRESHOLD,False,7.8293,-1.1477,17.0916,,3452,False,False,True,True,False
PD047,MEAN,0.01,pumpswap,300,DEPTH<=3%,12847,3460,10801,6857,6649,2656,1514,3758,51.7553,BELOW_STOP_THRESHOLD,False,5.3772,-3.6077,14.9021,,4405,False,False,True,False,False
PD048,MEAN,0.01,pumpswap,300,UNGATED,12847,3460,10801,6857,6649,2656,1514,6649,51.7553,BELOW_STOP_THRESHOLD,False,6.2838,-2.1763,15.3652,-24.0537,5123,False,False,True,True,False
PD049,MEDIAN,0.001,pumpswap,2,DEPTH<=1%,140,23,134,111,111,20,7,60,79.2857,BELOW_REPORT_THRESHOLD,True,23.7159,4.0548,50.8239,,300,True,False,True,False,False
PD050,MEDIAN,0.001,pumpswap,2,DEPTH<=10%,140,23,134,111,111,20,7,102,79.2857,BELOW_REPORT_THRESHOLD,True,12.7694,-2.7025,32.089,,300,False,False,True,False,False
PD051,MEDIAN,0.001,pumpswap,2,DEPTH<=3%,140,23,134,111,111,20,7,80,79.2857,BELOW_REPORT_THRESHOLD,True,15.272,-2.2003,40.1828,,300,False,False,True,False,False
PD052,MEDIAN,0.001,pumpswap,2,UNGATED,140,23,134,111,111,20,7,111,79.2857,BELOW_REPORT_THRESHOLD,True,14.5304,-2.8252,35.5702,-2.9552,312,False,False,True,False,False
PD053,MEDIAN,0.001,pumpswap,5,DEPTH<=1%,140,23,134,111,111,20,7,60,79.2857,BELOW_REPORT_THRESHOLD,True,22.5299,3.482,48.1579,,300,True,False,True,False,False
PD054,MEDIAN,0.001,pumpswap,5,DEPTH<=10%,140,23,134,111,111,20,7,102,79.2857,BELOW_REPORT_THRESHOLD,True,11.9404,-3.2961,30.65,,314,False,False,True,False,False
PD055,MEDIAN,0.001,pumpswap,5,DEPTH<=3%,140,23,134,111,111,20,7,80,79.2857,BELOW_REPORT_THRESHOLD,True,14.2591,-2.734,38.1635,,300,False,False,True,False,False
PD056,MEDIAN,0.001,pumpswap,5,UNGATED,140,23,134,111,111,20,7,111,79.2857,BELOW_REPORT_THRESHOLD,True,13.9941,-3.4513,35.0303,-3.4096,344,False,False,True,False,False
PD057,MEDIAN,0.001,pumpswap,15,DEPTH<=1%,140,23,134,111,111,20,7,60,79.2857,BELOW_REPORT_THRESHOLD,True,24.5476,1.7735,57.0961,,300,True,False,True,False,False
PD058,MEDIAN,0.001,pumpswap,15,DEPTH<=10%,140,23,134,111,111,20,7,102,79.2857,BELOW_REPORT_THRESHOLD,True,13.0034,-4.2775,35.5082,,316,False,False,True,False,False
PD059,MEDIAN,0.001,pumpswap,15,DEPTH<=3%,140,23,134,111,111,20,7,80,79.2857,BELOW_REPORT_THRESHOLD,True,15.5009,-3.9606,44.9947,,300,False,False,True,False,False
PD060,MEDIAN,0.001,pumpswap,15,UNGATED,140,23,134,111,111,20,7,111,79.2857,BELOW_REPORT_THRESHOLD,True,15.1375,-4.2384,39.6304,-2.4408,346,False,False,True,False,False
PD061,MEDIAN,0.001,pumpswap,30,DEPTH<=1%,140,23,135,110,110,21,7,60,78.5714,BELOW_REPORT_THRESHOLD,True,23.4883,-1.2423,58.1352,,300,False,False,True,False,False
PD062,MEDIAN,0.001,pumpswap,30,DEPTH<=10%,140,23,135,110,110,21,7,101,78.5714,BELOW_REPORT_THRESHOLD,True,13.038,-5.0047,37.6173,,321,False,False,True,False,False
PD063,MEDIAN,0.001,pumpswap,30,DEPTH<=3%,140,23,135,110,110,21,7,80,78.5714,BELOW_REPORT_THRESHOLD,True,14.2653,-6.1942,45.6712,,300,False,False,True,False,False
PD064,MEDIAN,0.001,pumpswap,30,UNGATED,140,23,135,110,110,21,7,110,78.5714,BELOW_REPORT_THRESHOLD,True,15.3004,-5.3571,41.6815,-3.1829,357,False,False,True,False,False
PD065,MEDIAN,0.001,pumpswap,60,DEPTH<=1%,140,23,133,110,110,19,7,59,78.5714,BELOW_REPORT_THRESHOLD,True,21.4546,-4.0603,58.4454,,300,False,False,True,False,False
PD066,MEDIAN,0.001,pumpswap,60,DEPTH<=10%,140,23,133,110,110,19,7,101,78.5714,BELOW_REPORT_THRESHOLD,True,9.782,-8.0063,34.5442,,577,False,False,True,False,False
PD067,MEDIAN,0.001,pumpswap,60,DEPTH<=3%,140,23,133,110,110,19,7,79,78.5714,BELOW_REPORT_THRESHOLD,True,11.5118,-8.8223,43.9397,,435,False,False,True,False,False
PD068,MEDIAN,0.001,pumpswap,60,UNGATED,140,23,133,110,110,19,7,110,78.5714,BELOW_REPORT_THRESHOLD,True,11.6003,-8.6137,38.0021,-4.837,600,False,False,True,False,False
PD069,MEDIAN,0.001,pumpswap,300,DEPTH<=1%,140,23,129,104,103,17,7,59,73.5714,BELOW_REPORT_THRESHOLD,True,-15.1784,-37.896,10.95,,300,False,False,True,False,False
PD070,MEDIAN,0.001,pumpswap,300,DEPTH<=10%,140,23,129,104,103,17,7,96,73.5714,BELOW_REPORT_THRESHOLD,True,-14.277,-28.8553,5.224,,300,False,False,True,False,False
PD071,MEDIAN,0.001,pumpswap,300,DEPTH<=3%,140,23,129,104,103,17,7,77,73.5714,BELOW_REPORT_THRESHOLD,True,-16.4167,-32.3544,6.3035,,300,False,False,True,False,False
PD072,MEDIAN,0.001,pumpswap,300,UNGATED,140,23,129,104,103,17,7,103,73.5714,BELOW_REPORT_THRESHOLD,True,-11.0945,-28.5213,10.928,-23.6894,334,False,True,True,False,False
PD073,MEDIAN,0.01,pumpswap,2,DEPTH<=1%,4253,462,3850,3285,3257,391,489,1585,76.5812,BELOW_REPORT_THRESHOLD,True,1.6761,-4.1076,7.5002,,12560,False,False,True,False,False
PD074,MEDIAN,0.01,pumpswap,2,DEPTH<=10%,4253,462,3850,3285,3257,391,489,2744,76.5812,BELOW_REPORT_THRESHOLD,True,6.2712,-0.887,14.514,,2699,False,False,True,True,False
PD075,MEDIAN,0.01,pumpswap,2,DEPTH<=3%,4253,462,3850,3285,3257,391,489,2060,76.5812,BELOW_REPORT_THRESHOLD,True,2.0761,-3.8131,7.9651,,8734,False,False,True,False,False
PD076,MEDIAN,0.01,pumpswap,2,UNGATED,4253,462,3850,3285,3257,391,489,3257,76.5812,BELOW_REPORT_THRESHOLD,True,6.2153,-1.1911,14.5835,-5.1691,2633,False,False,True,True,False
PD077,MEDIAN,0.01,pumpswap,5,DEPTH<=1%,4253,462,3847,3281,3253,392,489,1583,76.4872,BELOW_REPORT_THRESHOLD,True,2.6104,-3.7715,10.04,,7192,False,False,True,False,False
PD078,MEDIAN,0.01,pumpswap,5,DEPTH<=10%,4253,462,3847,3281,3253,392,489,2741,76.4872,BELOW_REPORT_THRESHOLD,True,6.7098,-1.0013,15.3911,,2532,False,False,True,True,False
PD079,MEDIAN,0.01,pumpswap,5,DEPTH<=3%,4253,462,3847,3281,3253,392,489,2057,76.4872,BELOW_REPORT_THRESHOLD,True,2.7223,-3.6321,9.9304,,6495,False,False,True,False,False
PD080,MEDIAN,0.01,pumpswap,5,UNGATED,4253,462,3847,3281,3253,392,489,3253,76.4872,BELOW_REPORT_THRESHOLD,True,6.5746,-1.116,15.1382,-4.8869,2503,False,False,True,True,False
PD081,MEDIAN,0.01,pumpswap,15,DEPTH<=1%,4253,462,3828,3281,3250,393,489,1582,76.4166,BELOW_REPORT_THRESHOLD,True,1.6968,-4.0637,7.7394,,14241,False,False,True,False,False
PD082,MEDIAN,0.01,pumpswap,15,DEPTH<=10%,4253,462,3828,3281,3250,393,489,2739,76.4166,BELOW_REPORT_THRESHOLD,True,6.1184,-1.1658,14.3868,,2863,False,False,True,False,False
PD083,MEDIAN,0.01,pumpswap,15,DEPTH<=3%,4253,462,3828,3281,3250,393,489,2056,76.4166,BELOW_REPORT_THRESHOLD,True,2.0678,-4.0666,8.3771,,9777,False,False,True,False,False
PD084,MEDIAN,0.01,pumpswap,15,UNGATED,4253,462,3828,3281,3250,393,489,3250,76.4166,BELOW_REPORT_THRESHOLD,True,5.8698,-1.3669,13.8101,-5.5512,2932,False,False,True,True,False
PD085,MEDIAN,0.01,pumpswap,30,DEPTH<=1%,4253,462,3808,3276,3234,392,489,1573,76.0404,BELOW_REPORT_THRESHOLD,True,2.1642,-3.9207,8.2747,,9436,False,False,True,False,False
PD086,MEDIAN,0.01,pumpswap,30,DEPTH<=10%,4253,462,3808,3276,3234,392,489,2727,76.0404,BELOW_REPORT_THRESHOLD,True,6.2479,-0.9631,14.599,,2826,False,False,True,False,False
PD087,MEDIAN,0.01,pumpswap,30,DEPTH<=3%,4253,462,3808,3276,3234,392,489,2045,76.0404,BELOW_REPORT_THRESHOLD,True,2.4814,-3.3204,8.8763,,7201,False,False,True,False,False
PD088,MEDIAN,0.01,pumpswap,30,UNGATED,4253,462,3808,3276,3234,392,489,3234,76.0404,BELOW_REPORT_THRESHOLD,True,6.0992,-1.2313,14.5153,-5.371,2792,False,False,True,True,False
PD089,MEDIAN,0.01,pumpswap,60,DEPTH<=1%,4253,462,3797,3238,3205,383,489,1565,75.3586,BELOW_REPORT_THRESHOLD,True,2.1753,-3.4273,8.6271,,9755,False,False,True,False,False
PD090,MEDIAN,0.01,pumpswap,60,DEPTH<=10%,4253,462,3797,3238,3205,383,489,2720,75.3586,BELOW_REPORT_THRESHOLD,True,6.1515,-0.87,14.401,,3000,False,False,True,False,False
PD091,MEDIAN,0.01,pumpswap,60,DEPTH<=3%,4253,462,3797,3238,3205,383,489,2038,75.3586,BELOW_REPORT_THRESHOLD,True,2.458,-3.2491,8.9742,,7683,False,False,True,False,False
PD092,MEDIAN,0.01,pumpswap,60,UNGATED,4253,462,3797,3238,3205,383,489,3205,75.3586,BELOW_REPORT_THRESHOLD,True,6.0714,-0.6558,14.1619,-5.2512,2875,False,False,True,True,False
PD093,MEDIAN,0.01,pumpswap,300,DEPTH<=1%,4253,462,3602,3054,2994,333,489,1462,70.3974,BELOW_REPORT_THRESHOLD,True,-3.2011,-8.7678,3.0693,,9556,False,False,True,False,False
PD094,MEDIAN,0.01,pumpswap,300,DEPTH<=10%,4253,462,3602,3054,2994,333,489,2552,70.3974,BELOW_REPORT_THRESHOLD,True,0.4806,-5.9278,8.1435,,564458,False,False,True,False,False
PD095,MEDIAN,0.01,pumpswap,300,DEPTH<=3%,4253,462,3602,3054,2994,333,489,1909,70.3974,BELOW_REPORT_THRESHOLD,True,-3.1055,-7.9557,2.4182,,8597,False,False,True,False,False
PD096,MEDIAN,0.01,pumpswap,300,UNGATED,4253,462,3602,3054,2994,333,489,2994,70.3974,BELOW_REPORT_THRESHOLD,True,0.71,-5.3482,8.038,-9.3701,237194,False,False,True,False,False
PD097,MEAN,0.001,pumpdotfun,2,DEPTH<=1%,9987,1020,9191,6061,5993,866,1417,3086,60.008,BELOW_STOP_THRESHOLD,False,-9.1434,-12.8134,-5.5043,,1113,False,False,False,True,False
PD098,MEAN,0.001,pumpdotfun,2,DEPTH<=10%,9987,1020,9191,6061,5993,866,1417,4202,60.008,BELOW_STOP_THRESHOLD,False,-8.8075,-11.9854,-5.5149,,1020,False,False,False,True,False
PD099,MEAN,0.001,pumpdotfun,2,DEPTH<=3%,9987,1020,9191,6061,5993,866,1417,3346,60.008,BELOW_STOP_THRESHOLD,False,-8.8876,-12.4001,-5.1885,,1131,False,False,False,True,False
PD100,MEAN,0.001,pumpdotfun,2,UNGATED,9987,1020,9191,6061,5993,866,1417,5993,60.008,BELOW_STOP_THRESHOLD,False,-7.3965,-10.7084,-3.8695,-19.0884,1526,False,True,False,True,False
PD101,MEAN,0.001,pumpdotfun,5,DEPTH<=1%,9987,1020,9126,5993,5912,859,1417,3043,59.197,BELOW_STOP_THRESHOLD,False,-10.0024,-13.5584,-6.1232,,934,False,False,False,True,False
PD102,MEAN,0.001,pumpdotfun,5,DEPTH<=10%,9987,1020,9126,5993,5912,859,1417,4145,59.197,BELOW_STOP_THRESHOLD,False,-9.2434,-12.4339,-6.0238,,930,False,False,False,True,False
PD103,MEAN,0.001,pumpdotfun,5,DEPTH<=3%,9987,1020,9126,5993,5912,859,1417,3300,59.197,BELOW_STOP_THRESHOLD,False,-9.6219,-13.0161,-5.9471,,970,False,False,False,True,False
PD104,MEAN,0.001,pumpdotfun,5,UNGATED,9987,1020,9126,5993,5912,859,1417,5912,59.197,BELOW_STOP_THRESHOLD,False,-7.4986,-10.6545,-4.0691,-19.2338,1509,False,True,False,True,False
PD105,MEAN,0.001,pumpdotfun,15,DEPTH<=1%,9987,1020,8914,5866,5767,848,1417,2974,57.7451,BELOW_STOP_THRESHOLD,False,-10.5922,-14.2802,-6.0688,,1022,False,False,False,True,False
PD106,MEAN,0.001,pumpdotfun,15,DEPTH<=10%,9987,1020,8914,5866,5767,848,1417,4046,57.7451,BELOW_STOP_THRESHOLD,False,-9.4676,-12.7162,-6.0533,,1069,False,False,False,True,False
PD107,MEAN,0.001,pumpdotfun,15,DEPTH<=3%,9987,1020,8914,5866,5767,848,1417,3229,57.7451,BELOW_STOP_THRESHOLD,False,-10.0341,-13.6669,-5.8773,,1093,False,False,False,True,False
PD108,MEAN,0.001,pumpdotfun,15,UNGATED,9987,1020,8914,5866,5767,848,1417,5767,57.7451,BELOW_STOP_THRESHOLD,False,-7.1478,-10.2716,-3.7619,-19.0509,1909,False,True,False,True,False
PD109,MEAN,0.001,pumpdotfun,30,DEPTH<=1%,9987,1020,8595,5706,5578,822,1417,2838,55.8526,BELOW_STOP_THRESHOLD,False,-10.4295,-15.0731,-4.1446,,1725,False,False,False,True,False
PD110,MEAN,0.001,pumpdotfun,30,DEPTH<=10%,9987,1020,8595,5706,5578,822,1417,3897,55.8526,BELOW_STOP_THRESHOLD,False,-9.4965,-13.232,-5.0652,,1637,False,False,False,True,False
PD111,MEAN,0.001,pumpdotfun,30,DEPTH<=3%,9987,1020,8595,5706,5578,822,1417,3087,55.8526,BELOW_STOP_THRESHOLD,False,-9.7736,-14.2176,-3.9895,,1856,False,False,False,True,False
PD112,MEAN,0.001,pumpdotfun,30,UNGATED,9987,1020,8595,5706,5578,822,1417,5578,55.8526,BELOW_STOP_THRESHOLD,False,-7.1934,-10.5099,-3.358,-19.1133,2495,False,True,False,True,False
PD113,MEAN,0.001,pumpdotfun,60,DEPTH<=1%,9987,1020,8008,5347,5194,794,1417,2580,52.0076,BELOW_STOP_THRESHOLD,False,-7.5993,-13.4134,0.8899,,6317,False,False,False,False,False
PD114,MEAN,0.001,pumpdotfun,60,DEPTH<=10%,9987,1020,8008,5347,5194,794,1417,3595,52.0076,BELOW_STOP_THRESHOLD,False,-7.6546,-12.1263,-1.4572,,4611,False,False,False,False,False
PD115,MEAN,0.001,pumpdotfun,60,DEPTH<=3%,9987,1020,8008,5347,5194,794,1417,2810,52.0076,BELOW_STOP_THRESHOLD,False,-7.4359,-12.9088,0.3955,,6133,False,False,False,False,False
PD116,MEAN,0.001,pumpdotfun,60,UNGATED,9987,1020,8008,5347,5194,794,1417,5194,52.0076,BELOW_STOP_THRESHOLD,False,-5.7461,-9.3851,-1.119,-18.244,6745,False,True,False,False,False
PD117,MEAN,0.001,pumpdotfun,300,DEPTH<=1%,9987,1020,5630,3758,3489,538,1417,1367,34.9354,BELOW_STOP_THRESHOLD,False,3.7742,-5.066,19.2025,,39697,False,False,False,False,False
PD118,MEAN,0.001,pumpdotfun,300,DEPTH<=10%,9987,1020,5630,3758,3489,538,1417,2188,34.9354,BELOW_STOP_THRESHOLD,False,1.0105,-5.3601,11.712,,361743,False,False,False,False,False
PD119,MEAN,0.001,pumpdotfun,300,DEPTH<=3%,9987,1020,5630,3758,3489,538,1417,1547,34.9354,BELOW_STOP_THRESHOLD,False,4.0317,-4.1901,18.1158,,31373,False,False,False,False,False
PD120,MEAN,0.001,pumpdotfun,300,UNGATED,9987,1020,5630,3758,3489,538,1417,3489,34.9354,BELOW_STOP_THRESHOLD,False,-0.9732,-5.9842,6.4949,-14.203,256847,False,True,False,False,False
PD121,MEAN,0.01,pumpdotfun,2,DEPTH<=1%,119553,10874,116165,95827,95438,10173,56692,26750,79.829,BELOW_REPORT_THRESHOLD,True,-10.1728,-12.3186,-7.8152,,702,False,False,False,True,False
PD122,MEAN,0.01,pumpdotfun,2,DEPTH<=10%,119553,10874,116165,95827,95438,10173,56692,36315,79.829,BELOW_REPORT_THRESHOLD,True,-5.2657,-8.738,-1.4229,,5391,False,False,False,True,False
PD123,MEAN,0.01,pumpdotfun,2,DEPTH<=3%,119553,10874,116165,95827,95438,10173,56692,29241,79.829,BELOW_REPORT_THRESHOLD,True,-8.0538,-10.7486,-5.105,,2016,False,False,False,True,False
PD124,MEAN,0.01,pumpdotfun,2,UNGATED,119553,10874,116165,95827,95438,10173,56692,95438,79.829,BELOW_REPORT_THRESHOLD,True,-6.983,-8.5706,-5.2932,-15.9428,1862,False,True,False,True,False
PD125,MEAN,0.01,pumpdotfun,5,DEPTH<=1%,119553,10874,114817,93753,93297,10084,56692,26433,78.0382,BELOW_REPORT_THRESHOLD,True,-10.278,-12.4209,-7.8992,,698,False,False,False,True,False
PD126,MEAN,0.01,pumpdotfun,5,DEPTH<=10%,119553,10874,114817,93753,93297,10084,56692,35860,78.0382,BELOW_REPORT_THRESHOLD,True,-5.1759,-8.5854,-1.3407,,5593,False,False,False,True,False
PD127,MEAN,0.01,pumpdotfun,5,DEPTH<=3%,119553,10874,114817,93753,93297,10084,56692,28883,78.0382,BELOW_REPORT_THRESHOLD,True,-8.0751,-10.8774,-5.0468,,2009,False,False,False,True,False
PD128,MEAN,0.01,pumpdotfun,5,UNGATED,119553,10874,114817,93753,93297,10084,56692,93297,78.0382,BELOW_REPORT_THRESHOLD,True,-6.227,-7.8019,-4.6062,-15.3738,2360,False,True,False,True,False
PD129,MEAN,0.01,pumpdotfun,15,DEPTH<=1%,119553,10874,109316,88150,87625,9932,56692,25496,73.2939,BELOW_REPORT_THRESHOLD,True,-9.5913,-11.7762,-7.107,,862,False,False,False,True,False
PD130,MEAN,0.01,pumpdotfun,15,DEPTH<=10%,119553,10874,109316,88150,87625,9932,56692,34651,73.2939,BELOW_REPORT_THRESHOLD,True,-4.3673,-7.8597,-0.5184,,8028,False,False,False,True,False
PD131,MEAN,0.01,pumpdotfun,15,DEPTH<=3%,119553,10874,109316,88150,87625,9932,56692,27885,73.2939,BELOW_REPORT_THRESHOLD,True,-7.3243,-10.1391,-4.1669,,2504,False,False,False,True,False
PD132,MEAN,0.01,pumpdotfun,15,UNGATED,119553,10874,109316,88150,87625,9932,56692,87625,73.2939,BELOW_REPORT_THRESHOLD,True,-4.6743,-6.2646,-2.9928,-14.3792,4213,False,True,False,True,False
PD133,MEAN,0.01,pumpdotfun,30,DEPTH<=1%,119553,10874,101746,80916,79969,9609,56692,24199,66.89,BELOW_STOP_THRESHOLD,False,-8.1314,-10.2352,-5.6649,,1392,False,False,False,True,False
PD134,MEAN,0.01,pumpdotfun,30,DEPTH<=10%,119553,10874,101746,80916,79969,9609,56692,32975,66.89,BELOW_STOP_THRESHOLD,False,-3.046,-6.6648,0.9631,,17334,False,False,False,True,False
PD135,MEAN,0.01,pumpdotfun,30,DEPTH<=3%,119553,10874,101746,80916,79969,9609,56692,26479,66.89,BELOW_STOP_THRESHOLD,False,-5.8871,-8.8115,-2.5724,,4226,False,False,False,True,False
PD136,MEAN,0.01,pumpdotfun,30,UNGATED,119553,10874,101746,80916,79969,9609,56692,79969,66.89,BELOW_STOP_THRESHOLD,False,-3.4993,-5.236,-1.6487,-13.8509,7896,False,True,False,True,False
PD137,MEAN,0.01,pumpdotfun,60,DEPTH<=1%,119553,10874,89913,70791,69209,9018,56692,21915,57.8898,BELOW_STOP_THRESHOLD,False,-5.5844,-8.1936,-2.6081,,3611,False,False,False,True,False
PD138,MEAN,0.01,pumpdotfun,60,DEPTH<=10%,119553,10874,89913,70791,69209,9018,56692,30034,57.8898,BELOW_STOP_THRESHOLD,False,-0.7872,-4.8118,3.6373,,256440,False,False,False,False,False
PD139,MEAN,0.01,pumpdotfun,60,DEPTH<=3%,119553,10874,89913,70791,69209,9018,56692,24027,57.8898,BELOW_STOP_THRESHOLD,False,-3.5291,-6.7977,0.1664,,11984,False,False,False,True,False
PD140,MEAN,0.01,pumpdotfun,60,UNGATED,119553,10874,89913,70791,69209,9018,56692,69209,57.8898,BELOW_STOP_THRESHOLD,False,-2.1902,-4.2283,0.0148,-13.4657,20330,False,True,False,True,False
PD141,MEAN,0.01,pumpdotfun,300,DEPTH<=1%,119553,10874,54502,40865,37984,5821,56692,11883,31.7717,BELOW_STOP_THRESHOLD,False,2.5274,-1.2787,6.857,,21515,False,False,False,False,False
PD142,MEAN,0.01,pumpdotfun,300,DEPTH<=10%,119553,10874,54502,40865,37984,5821,56692,17868,31.7717,BELOW_STOP_THRESHOLD,False,7.0731,1.9437,12.9842,,3749,True,False,False,True,False
PD143,MEAN,0.01,pumpdotfun,300,DEPTH<=3%,119553,10874,54502,40865,37984,5821,56692,13454,31.7717,BELOW_STOP_THRESHOLD,False,4.4644,-0.015,9.5656,,8469,False,False,False,True,False
PD144,MEAN,0.01,pumpdotfun,300,UNGATED,119553,10874,54502,40865,37984,5821,56692,37984,31.7717,BELOW_STOP_THRESHOLD,False,2.101,-0.5005,5.1447,-11.4666,24618,False,False,False,True,False
PD145,MEDIAN,0.001,pumpdotfun,2,DEPTH<=1%,18249,2895,18124,14974,14969,2892,15786,606,82.0264,BELOW_REPORT_THRESHOLD,True,2.7093,-14.1249,29.2752,,33983,False,False,False,False,False
PD146,MEDIAN,0.001,pumpdotfun,2,DEPTH<=10%,18249,2895,18124,14974,14969,2892,15786,1213,82.0264,BELOW_REPORT_THRESHOLD,True,-8.4663,-18.9008,3.6564,,1995,False,False,False,False,False
PD147,MEDIAN,0.001,pumpdotfun,2,DEPTH<=3%,18249,2895,18124,14974,14969,2892,15786,693,82.0264,BELOW_REPORT_THRESHOLD,True,1.8061,-13.1188,24.9108,,72642,False,False,False,False,False
PD148,MEDIAN,0.001,pumpdotfun,2,UNGATED,18249,2895,18124,14974,14969,2892,15786,14969,82.0264,BELOW_REPORT_THRESHOLD,True,-8.6883,-10.2002,-7.1306,-23.4733,300,False,True,False,True,False
PD149,MEDIAN,0.001,pumpdotfun,5,DEPTH<=1%,18249,2895,17942,14735,14731,2889,15786,599,80.7222,BELOW_REPORT_THRESHOLD,True,1.4295,-14.1904,30.183,,123566,False,False,False,False,False
PD150,MEDIAN,0.001,pumpdotfun,5,DEPTH<=10%,18249,2895,17942,14735,14731,2889,15786,1203,80.7222,BELOW_REPORT_THRESHOLD,True,-9.0195,-18.8227,3.5521,,1765,False,False,False,False,False
PD151,MEDIAN,0.001,pumpdotfun,5,DEPTH<=3%,18249,2895,17942,14735,14731,2889,15786,685,80.7222,BELOW_REPORT_THRESHOLD,True,0.9368,-13.1595,25.2127,,272875,False,False,False,False,False
PD152,MEDIAN,0.001,pumpdotfun,5,UNGATED,18249,2895,17942,14735,14731,2889,15786,14731,80.7222,BELOW_REPORT_THRESHOLD,True,-7.7079,-9.0023,-6.2211,-22.8403,310,False,True,False,True,False
PD153,MEDIAN,0.001,pumpdotfun,15,DEPTH<=1%,18249,2895,17076,13808,13797,2886,15786,590,75.6041,BELOW_REPORT_THRESHOLD,True,-0.1161,-15.3735,35.9301,,26763866,False,False,False,False,False
PD154,MEDIAN,0.001,pumpdotfun,15,DEPTH<=10%,18249,2895,17076,13808,13797,2886,15786,1173,75.6041,BELOW_REPORT_THRESHOLD,True,-8.1369,-17.0795,6.7304,,2995,False,False,False,False,False
PD155,MEDIAN,0.001,pumpdotfun,15,DEPTH<=3%,18249,2895,17076,13808,13797,2886,15786,673,75.6041,BELOW_REPORT_THRESHOLD,True,-0.1721,-14.395,29.9445,,11281058,False,False,False,False,False
PD156,MEDIAN,0.001,pumpdotfun,15,UNGATED,18249,2895,17076,13808,13797,2886,15786,13797,75.6041,BELOW_REPORT_THRESHOLD,True,-5.7324,-6.8715,-4.2891,-22.0398,701,False,True,False,True,False
PD157,MEDIAN,0.001,pumpdotfun,30,DEPTH<=1%,18249,2895,15627,12257,12186,2870,15786,566,66.7763,BELOW_STOP_THRESHOLD,False,1.0402,-16.6511,48.6373,,679126,False,False,False,False,False
PD158,MEDIAN,0.001,pumpdotfun,30,DEPTH<=10%,18249,2895,15627,12257,12186,2870,15786,1098,66.7763,BELOW_STOP_THRESHOLD,False,-5.5353,-15.5169,14.5578,,12865,False,False,False,False,False
PD159,MEDIAN,0.001,pumpdotfun,30,DEPTH<=3%,18249,2895,15627,12257,12186,2870,15786,643,66.7763,BELOW_STOP_THRESHOLD,False,1.0912,-15.575,41.3355,,557377,False,False,False,False,False
PD160,MEDIAN,0.001,pumpdotfun,30,UNGATED,18249,2895,15627,12257,12186,2870,15786,12186,66.7763,BELOW_STOP_THRESHOLD,False,-4.4817,-5.8151,-2.7512,-22.6895,2070,False,True,False,True,False
PD161,MEDIAN,0.001,pumpdotfun,60,DEPTH<=1%,18249,2895,13461,10152,10086,2816,15786,498,55.2688,BELOW_STOP_THRESHOLD,False,10.873,-15.0778,88.0887,,14265,False,False,False,False,False
PD162,MEDIAN,0.001,pumpdotfun,60,DEPTH<=10%,18249,2895,13461,10152,10086,2816,15786,943,55.2688,BELOW_STOP_THRESHOLD,False,1.065,-13.3548,31.8347,,801260,False,False,False,False,False
PD163,MEDIAN,0.001,pumpdotfun,60,DEPTH<=3%,18249,2895,13461,10152,10086,2816,15786,560,55.2688,BELOW_STOP_THRESHOLD,False,10.8964,-13.4274,74.2686,,12811,False,False,False,False,False
PD164,MEDIAN,0.001,pumpdotfun,60,UNGATED,18249,2895,13461,10152,10086,2816,15786,10086,55.2688,BELOW_STOP_THRESHOLD,False,-3.208,-5.0705,-0.5794,-24.3339,8898,False,True,False,True,False
PD165,MEDIAN,0.001,pumpdotfun,300,DEPTH<=1%,18249,2895,7141,5261,4995,1689,15786,259,27.3714,BELOW_STOP_THRESHOLD,False,39.5065,-4.2687,135.6793,,1815,False,False,False,False,False
PD166,MEDIAN,0.001,pumpdotfun,300,DEPTH<=10%,18249,2895,7141,5261,4995,1689,15786,484,27.3714,BELOW_STOP_THRESHOLD,False,24.5239,-3.0933,72.0481,,2765,False,False,False,False,False
PD167,MEDIAN,0.001,pumpdotfun,300,DEPTH<=3%,18249,2895,7141,5261,4995,1689,15786,292,27.3714,BELOW_STOP_THRESHOLD,False,44.1828,-1.8564,134.459,,1406,False,False,False,False,False
PD168,MEDIAN,0.001,pumpdotfun,300,UNGATED,18249,2895,7141,5261,4995,1689,15786,4995,27.3714,BELOW_STOP_THRESHOLD,False,0.038,-2.6659,4.1261,-25.2409,115178279,False,False,False,False,False
PD169,MEDIAN,0.01,pumpdotfun,2,DEPTH<=1%,270413,11104,267219,249655,248921,10726,126229,79927,92.0522,OK,True,-4.6853,-5.603,-3.8806,,391,False,False,False,True,False
PD170,MEDIAN,0.01,pumpdotfun,2,DEPTH<=10%,270413,11104,267219,249655,248921,10726,126229,110149,92.0522,OK,True,-4.5942,-5.4755,-3.7295,,853,False,False,False,True,False
PD171,MEDIAN,0.01,pumpdotfun,2,DEPTH<=3%,270413,11104,267219,249655,248921,10726,126229,90511,92.0522,OK,True,-4.5056,-5.386,-3.7358,,493,False,False,False,True,False
PD172,MEDIAN,0.01,pumpdotfun,2,UNGATED,270413,11104,267219,249655,248921,10726,126229,248921,92.0522,OK,True,-6.8034,-7.3391,-6.233,-10.6534,300,False,True,False,True,False
PD173,MEDIAN,0.01,pumpdotfun,5,DEPTH<=1%,270413,11104,261659,242896,241781,9857,126229,78282,89.4118,BELOW_REPORT_THRESHOLD,True,-4.4701,-5.3914,-3.6637,,441,False,False,False,True,False
PD174,MEDIAN,0.01,pumpdotfun,5,DEPTH<=10%,270413,11104,261659,242896,241781,9857,126229,107477,89.4118,BELOW_REPORT_THRESHOLD,True,-4.3976,-5.2856,-3.5361,,935,False,False,False,True,False
PD175,MEDIAN,0.01,pumpdotfun,5,DEPTH<=3%,270413,11104,261659,242896,241781,9857,126229,88453,89.4118,BELOW_REPORT_THRESHOLD,True,-4.2863,-5.1563,-3.4973,,557,False,False,False,True,False
PD176,MEDIAN,0.01,pumpdotfun,5,UNGATED,270413,11104,261659,242896,241781,9857,126229,241781,89.4118,BELOW_REPORT_THRESHOLD,True,-6.1205,-6.657,-5.5603,-9.7979,335,False,True,False,True,False
PD177,MEDIAN,0.01,pumpdotfun,15,DEPTH<=1%,270413,11104,239303,221413,220101,8869,126229,73047,81.3944,BELOW_REPORT_THRESHOLD,True,-4.0622,-4.897,-3.2839,,658,False,False,False,True,False
PD178,MEDIAN,0.01,pumpdotfun,15,DEPTH<=10%,270413,11104,239303,221413,220101,8869,126229,100039,81.3944,BELOW_REPORT_THRESHOLD,True,-4.0636,-4.914,-3.2247,,1154,False,False,False,True,False
PD179,MEDIAN,0.01,pumpdotfun,15,DEPTH<=3%,270413,11104,239303,221413,220101,8869,126229,82330,81.3944,BELOW_REPORT_THRESHOLD,True,-3.8937,-4.7045,-3.1681,,807,False,False,False,True,False
PD180,MEDIAN,0.01,pumpdotfun,15,UNGATED,270413,11104,239303,221413,220101,8869,126229,220101,81.3944,BELOW_REPORT_THRESHOLD,True,-4.942,-5.4811,-4.4004,-8.624,532,False,True,False,True,False
PD181,MEDIAN,0.01,pumpdotfun,30,DEPTH<=1%,270413,11104,209962,194095,192113,8017,126229,65982,71.0443,BELOW_REPORT_THRESHOLD,True,-3.6741,-4.4818,-2.9648,,1078,False,False,False,True,False
PD182,MEDIAN,0.01,pumpdotfun,30,DEPTH<=10%,270413,11104,209962,194095,192113,8017,126229,90027,71.0443,BELOW_REPORT_THRESHOLD,True,-3.6771,-4.5303,-2.8352,,1592,False,False,False,True,False
PD183,MEDIAN,0.01,pumpdotfun,30,DEPTH<=3%,270413,11104,209962,194095,192113,8017,126229,74141,71.0443,BELOW_REPORT_THRESHOLD,True,-3.5596,-4.3152,-2.8762,,1233,False,False,False,True,False
PD184,MEDIAN,0.01,pumpdotfun,30,UNGATED,270413,11104,209962,194095,192113,8017,126229,192113,71.0443,BELOW_REPORT_THRESHOLD,True,-4.1619,-4.6654,-3.6447,-8.0011,832,False,True,False,True,False
PD185,MEDIAN,0.01,pumpdotfun,60,DEPTH<=1%,270413,11104,169203,155886,153391,7029,126229,52731,56.7247,BELOW_STOP_THRESHOLD,False,-3.2355,-3.9166,-2.4754,,2216,False,False,False,True,False
PD186,MEDIAN,0.01,pumpdotfun,60,DEPTH<=10%,270413,11104,169203,155886,153391,7029,126229,72195,56.7247,BELOW_STOP_THRESHOLD,False,-2.9155,-3.666,-2.0697,,3207,False,False,False,True,False
PD187,MEDIAN,0.01,pumpdotfun,60,DEPTH<=3%,270413,11104,169203,155886,153391,7029,126229,59069,56.7247,BELOW_STOP_THRESHOLD,False,-3.0338,-3.7102,-2.2578,,2574,False,False,False,True,False
PD188,MEDIAN,0.01,pumpdotfun,60,UNGATED,270413,11104,169203,155886,153391,7029,126229,153391,56.7247,BELOW_STOP_THRESHOLD,False,-3.3064,-3.8077,-2.7469,-7.5431,1569,False,True,False,True,False
PD189,MEDIAN,0.01,pumpdotfun,300,DEPTH<=1%,270413,11104,74781,66968,63805,3878,126229,17296,23.5954,BELOW_STOP_THRESHOLD,False,-0.6259,-1.9962,1.1149,,153522,False,False,False,False,False
PD190,MEDIAN,0.01,pumpdotfun,300,DEPTH<=10%,270413,11104,74781,66968,63805,3878,126229,26585,23.5954,BELOW_STOP_THRESHOLD,False,0.0472,-1.8527,2.1174,,25896271,False,False,False,False,False
PD191,MEDIAN,0.01,pumpdotfun,300,DEPTH<=3%,270413,11104,74781,66968,63805,3878,126229,19834,23.5954,BELOW_STOP_THRESHOLD,False,-0.0072,-1.7294,1.9083,,1194484032,False,False,False,False,False
PD192,MEDIAN,0.01,pumpdotfun,300,UNGATED,270413,11104,74781,66968,63805,3878,126229,63805,23.5954,BELOW_STOP_THRESHOLD,False,-1.4952,-2.415,-0.5014,-7.1392,12748,False,True,False,True,False
